column,numeric_coercion_frac
sift__multsite,0.7347293343087052
omim__omim_id,0.2922915142648135
gwas_catalog__risk_allele_match,0.03762801755669349
litvar_full__pmids,0.03456474030724214
swissprot_domains__pubmed,0.019568397951719094
swissprot_ptm__pubmed,0.009921360643745427
regulomedb__dnase_footprint,0.005440746159473299
regulomedb__eqtl,0.005440746159473299
regulomedb__tf_binding,0.005440746159473299
regulomedb__dnase_peak,0.005440746159473299
regulomedb__motif,0.005440746159473299
regulomedb__matched_dnase_footprint,0.005440746159473299
regulomedb__matched_tf_motif,0.005440746159473299
regulomedb__ra,0.004434893928310168
swissprot_binding__pubmed,0.004114850036576445
swissprot_domains__repeat,0.0026060716898317483
swissprot_binding__ca,0.00022860277980980248
mitomap__status,0.0
mutation_assessor__impact,0.0
mistic__pp3_pathogenic,0.0
mupit__hugo,0.0
mistic__bp4_benign,0.0
mupit__link,0.0
mitomap__pubmed,0.0
mutation_assessor__transcript,0.0
mitomap__disease,0.0
genehancer__ident,0.0
mutation_assessor__bp4_benign,0.0
mirbase__name,0.0
ncrna__ncrnaname,0.0
ncrna__ncrnaclass,0.0
mutpred2__all_annotations,0.0
mutpred2__top5_mechanisms,0.0
mutpred2__pp3_pathogenic,0.0
mutpred2__bp4_benign,0.0
mutpred1__mutpred_top5_mechanisms,0.0
mutpred1__pp3_pathogenic,0.0
mutpred1__bp4_benign,0.0
mutpred1__amino_acid_substitution,0.0
mutpred1__external_protein_id,0.0
mutpred1__transcript,0.0
mutationtaster__all,0.0
mutationtaster__bp4_benign,0.0
mutationtaster__model,0.0
mutationtaster__prediction,0.0
mutationtaster__transcript,0.0
mutation_assessor__all,0.0
mutation_assessor__pp3_pathogenic,0.0
mistic__pred,0.0
metasvm__pred,0.0
mirbase__id,0.0
gwas_catalog__disease,0.0
haploreg_amr__all,0.0
haploreg_afr__all,0.0
gwas_catalog__all_annots,0.0
gwas_catalog__ci,0.0
gwas_catalog__risk_allele,0.0
gwas_catalog__rep_samp,0.0
gwas_catalog__init_samp,0.0
gtex__gtex_tissue,0.0
haploreg_eur__all,0.0
gtex__gtex_gene,0.0
grasp__all,0.0
grasp__phenotype,0.0
gmvp__all_annotations,0.0
gmvp__transcript,0.0
geuvadis__gene,0.0
gerp__bp4_benign,0.0
haploreg_asn__all,0.0
hg19__chrom,0.0
mirbase__transcript,0.0
metarnn__transcript,0.0
metasvm__pp3_pathogenic,0.0
genehancer__target_genes,0.0
original_input__chrom,0.0
metarnn__pp3_pathogenic,0.0
metarnn__bp4_benign,0.0
metarnn__all_annotations,0.0
metarnn__pred,0.0
metalr__pp3_pathogenic,0.0
interpro__domain,0.0
metalr__bp4_benign,0.0
metalr__pred,0.0
lrt__lrt_pred,0.0
litvar_full__rsid,0.0
litvar__rsid,0.0
javierre_promoters__regions,0.0
interpro__all,0.0
base__chrom,0.0
phdsnpg__prediction,0.0
original_input__ref_base,0.0
swissprot_ptm__carbohyd,0.0
swissprot_ptm__crosslnk,0.0
swissprot_ptm__uniprotkb,0.0
swissprot_domains__all,0.0
swissprot_domains__transmem,0.0
swissprot_domains__topo,0.0
swissprot_domains__peptide,0.0
swissprot_domains__motif,0.0
swissprot_domains__intramem,0.0
swissprot_domains__domain,0.0
swissprot_domains__uniprotkb,0.0
swissprot_binding__all,0.0
swissprot_binding__zn,0.0
swissprot_binding__np,0.0
swissprot_binding__metal,0.0
swissprot_binding__dna,0.0
swissprot_ptm__disulfid,0.0
swissprot_ptm__init,0.0
swissprot_binding__uniprotkb,0.0
swissprot_ptm__lipid,0.0
vista_enhancer__features,0.0
vista_enhancer__element,0.0
vest__all,0.0
vest__pp3_pathogenic,0.0
vest__bp4_benign,0.0
vest__transcript,0.0
varity_r__p_vid,0.0
varity_r__pp3_pathogenic,0.0
varity_r__bp4_benign,0.0
uniprot_domain__domain,0.0
ucscgenomebrowser__link,0.0
swissprot_ptm__all,0.0
swissprot_ptm__transit,0.0
swissprot_ptm__signal,0.0
swissprot_ptm__propep,0.0
swissprot_binding__act,0.0
siphy__pi,0.0
original_input__alt_base,0.0
provean__transcript,0.0
primateai__bp4_benign,0.0
primateai__primateai_pred,0.0
polyphen2__all,0.0
polyphen2__hvar_pred,0.0
polyphen2__hdiv_pred,0.0
phylop__pp3_pathogenic,0.0
phylop__bp4_benign,0.0
phdsnpg__pp3_pathogenic,0.0
phdsnpg__bp4_benign,0.0
base__ref_base,0.0
pharmgkb__has_sig,0.0
pharmgkb__drug_assoc,0.0
pharmgkb__pheno_cat,0.0
pharmgkb__chemicals,0.0
pharmgkb__id,0.0
primateai__pp3_pathogenic,0.0
provean__uniprot,0.0
sift__all,0.0
provean__prediction,0.0
sift__pp3_pathogenic,0.0
sift__bp4_benign,0.0
sift__confidence,0.0
sift__prediction,0.0
sift__transcript,0.0
revel__all,0.0
revel__pp3_pathogenic,0.0
revel__bp4_benign,0.0
revel__transcript,0.0
repeat__repeatname,0.0
repeat__repeatfamily,0.0
repeat__repeatclass,0.0
pseudogene__transcript,0.0
pseudogene__hugo,0.0
provean__all,0.0
genehancer__feature_name,0.0
funseq2__all,0.0
funseq2__motif,0.0
chasmplus_ESCA__transcript,0.0
chasmplus_DLBC__transcript,0.0
chasmplus_COAD__all,0.0
chasmplus_COAD__transcript,0.0
chasmplus_CHOL__all,0.0
chasmplus_CHOL__transcript,0.0
chasmplus_CESC__all,0.0
chasmplus_CESC__transcript,0.0
chasmplus_BRCA__all,0.0
chasmplus_BRCA__transcript,0.0
chasmplus_BLCA__all,0.0
chasmplus_BLCA__transcript,0.0
chasmplus_ACC__all,0.0
chasmplus_ACC__transcript,0.0
chasmplus__all,0.0
chasmplus__transcript,0.0
cedar__epi_alt,0.0
cedar__epi_ref,0.0
chasmplus_DLBC__all,0.0
chasmplus_ESCA__all,0.0
funseq2__hot,0.0
chasmplus_GBM__transcript,0.0
chasmplus_LUAD__all,0.0
chasmplus_LUAD__transcript,0.0
chasmplus_LIHC__all,0.0
chasmplus_LIHC__transcript,0.0
chasmplus_LGG__all,0.0
chasmplus_LGG__transcript,0.0
chasmplus_LAML__all,0.0
chasmplus_LAML__transcript,0.0
chasmplus_KIRP__all,0.0
chasmplus_KIRP__transcript,0.0
chasmplus_KIRC__all,0.0
chasmplus_KIRC__transcript,0.0
chasmplus_KICH__all,0.0
chasmplus_KICH__transcript,0.0
chasmplus_HNSC__all,0.0
chasmplus_HNSC__transcript,0.0
chasmplus_GBM__all,0.0
ccre_screen__bound,0.0
ccre_screen___group,0.0
ccre_screen__acc_e,0.0
ccre_screen__acc_d,0.0
alphamissense__uniprot_id,0.0
alphamissense__transcript_id,0.0
alphamissense__am_class,0.0
aloft__all,0.0
aloft__conf,0.0
aloft__pred,0.0
aloft__affect,0.0
aloft__transcript,0.0
allofus250k__gvs_max_subpop,0.0
base__all_mappings,0.0
base__achange,0.0
base__cchange,0.0
base__so,0.0
base__transcript,0.0
base__hugo,0.0
base__coding,0.0
base__alt_base,0.0
alphamissense__protein_variant,0.0
alphamissense__bp4_benign,0.0
alphamissense__pp3_pathogenic,0.0
cadd__bp4_benign,0.0
cardioboost__arrhythmias1,0.0
cardioboost__cardiomyopathy1,0.0
cancer_hotspots__samples,0.0
cancer_genome_interpreter__all,0.0
cadd_exome__pp3_pathogenic,0.0
cadd_exome__bp4_benign,0.0
cadd__pp3_pathogenic,0.0
brca1_func_assay__class,0.0
arrvars__function,0.0
bayesdel__pp3_pathogenic,0.0
bayesdel__bp4_benign,0.0
bayesdel__bayesdel_noAF_pred,0.0
bayesdel__bayesdel_addAF_pred,0.0
arrvars__link,0.0
arrvars__lqt_structure,0.0
arrvars__brs_structure,0.0
chasmplus_LUSC__transcript,0.0
chasmplus_LUSC__all,0.0
chasmplus_MESO__transcript,0.0
clinvar__variant_clinical_sources,0.0
ditto__transcript,0.0
dbsnp_common__rsid,0.0
dbsnp__rsid,0.0
dann_coding__pp3_pathogenic,0.0
dann_coding__bp4_benign,0.0
dann__pp3_pathogenic,0.0
dann__bp4_benign,0.0
clinvar__germline_or_somatic,0.0
clinvar__somatic_impact,0.0
clinvar__somatic_rev_stat,0.0
clinvar__somatic_refs,0.0
clinvar__somatic_disease_name,0.0
clinvar__allele_origin,0.0
clinvar__onc_rev_stat,0.0
clinvar__onc_classification,0.0
clinvar__onc_disease_refs,0.0
clinvar__onc_disease_name,0.0
ditto__all,0.0
encode_tfbs__factor,0.0
encode_tfbs__all,0.0
fathmm_mkl__fathmm_mkl_coding_pred,0.0
flank_seq__alt_seq,0.0
flank_seq__ref_seq,0.0
fathmm_xf_coding__pp3_pathogenic,0.0
fathmm_xf_coding__fathmm_xf_coding_pred,0.0
fathmm_mkl__pp3_pathogenic,0.0
fathmm_mkl__bp4_benign,0.0
fathmm_mkl__fathmm_mkl_group,0.0
eve__all_annotations,0.0
ensembl_regulatory_build__region,0.0
eve__transcript,0.0
esm1b__all,0.0
esm1b__pp3_pathogenic,0.0
esm1b__bp4_benign,0.0
esm1b__prediction,0.0
esm1b__transcript,0.0
ensembl_regulatory_build__ensr,0.0
clinvar__clinvar_gene_info,0.0
clinvar__variant_type_sequence_ontology,0.0
chasmplus_MESO__all,0.0
clinvar__variant_type,0.0
chasmplus_TGCT__transcript,0.0
chasmplus_STAD__all,0.0
chasmplus_STAD__transcript,0.0
chasmplus_SKCM__all,0.0
chasmplus_SKCM__transcript,0.0
chasmplus_SARC__all,0.0
chasmplus_SARC__transcript,0.0
chasmplus_READ__all,0.0
chasmplus_READ__transcript,0.0
chasmplus_PRAD__all,0.0
chasmplus_PRAD__transcript,0.0
chasmplus_PCPG__all,0.0
chasmplus_PCPG__transcript,0.0
chasmplus_PAAD__all,0.0
chasmplus_PAAD__transcript,0.0
chasmplus_OV__all,0.0
chasmplus_OV__transcript,0.0
chasmplus_TGCT__all,0.0
chasmplus_THCA__transcript,0.0
chasmplus_THCA__all,0.0
civic__description,0.0
clinvar__rev_stat,0.0
clinvar__hgvs,0.0
clinvar__clinvar_preferred_names,0.0
clinvar__disease_names,0.0
clinvar__disease_refs_incl,0.0
clinvar__disease_refs,0.0
clinvar__sig,0.0
civic__diseases,0.0
chasmplus_THYM__transcript,0.0
chasmplus_UVM__all,0.0
chasmplus_UVM__transcript,0.0
chasmplus_UCS__all,0.0
chasmplus_UCS__transcript,0.0
chasmplus_UCEC__all,0.0
chasmplus_UCEC__transcript,0.0
chasmplus_THYM__all,0.0
tagsampler__samples,0.0
