combo,fold,learning_rate,max_iter,max_leaf_nodes,min_samples_leaf,l2_regularization,cv_acc,cv_macro_f1,fit_seconds
0,1,0.1,300,31,20,0.0,0.7934285714285715,0.7938058635718237,8.913126945495605
0,2,0.1,300,31,20,0.0,0.7937142857142857,0.7936581666345204,6.789259195327759
0,3,0.1,300,31,20,0.0,0.7876536153186625,0.7880747953623688,7.9152162075042725
0,4,0.1,300,31,20,0.0,0.7845098599599886,0.7841405196581583,5.9573352336883545
0,5,0.1,300,31,20,0.0,0.7936553300943127,0.7938281208489577,5.734482765197754
1,1,0.1,300,31,20,1.0,0.7911428571428571,0.7913756726502356,11.326210021972656
1,2,0.1,300,31,20,1.0,0.7928571428571428,0.7928128373966034,7.51919412612915
1,3,0.1,300,31,20,1.0,0.7885110031437553,0.7890106764173199,5.719258069992065
1,4,0.1,300,31,20,1.0,0.7830808802515005,0.7828144924574253,6.445364952087402
1,5,0.1,300,31,20,1.0,0.7967990854529866,0.7970937508806127,6.037370681762695
2,1,0.1,300,31,50,0.0,0.798,0.7982592879404741,6.6478111743927
2,2,0.1,300,31,50,0.0,0.79,0.7899037609764405,5.470327138900757
2,3,0.1,300,31,50,0.0,0.7885110031437553,0.7889215784473451,4.871673822402954
2,4,0.1,300,31,50,0.0,0.786510431551872,0.7860733950307202,4.37108302116394
2,5,0.1,300,31,50,0.0,0.7899399828522435,0.7900191121904403,7.7388060092926025
3,1,0.1,300,31,50,1.0,0.7934285714285715,0.7937019892558171,10.176331043243408
3,2,0.1,300,31,50,1.0,0.7914285714285715,0.7913825281842186,7.384556770324707
3,3,0.1,300,31,50,1.0,0.7905115747356387,0.7908558803146759,7.527203798294067
3,4,0.1,300,31,50,1.0,0.7876536153186625,0.7873394388815647,8.209735870361328
3,5,0.1,300,31,50,1.0,0.7959416976278937,0.7961367626702697,6.418666124343872
4,1,0.1,300,63,20,0.0,0.7971428571428572,0.7974796351904783,9.088920831680298
4,2,0.1,300,63,20,0.0,0.7897142857142857,0.7895982656886703,11.751212120056152
4,3,0.1,300,63,20,0.0,0.7870820234352672,0.7875294804588288,21.30035400390625
4,4,0.1,300,63,20,0.0,0.7845098599599886,0.7842143905803588,14.110613107681274
4,5,0.1,300,63,20,0.0,0.7873678193769649,0.7875207194133227,9.275558948516846
5,1,0.1,300,63,20,1.0,0.7954285714285714,0.7955927308574952,11.038622856140137
5,2,0.1,300,63,20,1.0,0.7937142857142857,0.7935228950795811,25.62062907218933
5,3,0.1,300,63,20,1.0,0.7842240640182909,0.7847215563847019,19.89906620979309
5,4,0.1,300,63,20,1.0,0.7796513289511289,0.779360519489457,51.94990110397339
5,5,0.1,300,63,20,1.0,0.7967990854529866,0.7969772892877482,37.25805306434631
6,1,0.1,300,63,50,0.0,0.7914285714285715,0.7915065178800327,29.29422879219055
6,2,0.1,300,63,50,0.0,0.7877142857142857,0.7877124173936867,24.595358848571777
6,3,0.1,300,63,50,0.0,0.793369534152615,0.793805767336379,25.30518913269043
6,4,0.1,300,63,50,0.0,0.7867962274935696,0.7864265569398952,18.01550269126892
6,5,0.1,300,63,50,0.0,0.794226921977708,0.7944272275991701,20.84744906425476
7,1,0.1,300,63,50,1.0,0.7894285714285715,0.7896336874069748,21.846915006637573
7,2,0.1,300,63,50,1.0,0.7968571428571428,0.7968356546471127,17.400434970855713
7,3,0.1,300,63,50,1.0,0.7885110031437553,0.7890489271802694,14.581941604614258
7,4,0.1,300,63,50,1.0,0.7805087167762218,0.7801344235144105,18.04186201095581
7,5,0.1,300,63,50,1.0,0.7982280651614747,0.7982810358613479,13.830173254013062
8,1,0.1,300,127,20,0.0,0.792,0.7920882479867218,27.70599389076233
8,2,0.1,300,127,20,0.0,0.7948571428571428,0.7946477857855427,23.836890935897827
8,3,0.1,300,127,20,0.0,0.7830808802515005,0.7833919230545843,9.418398141860962
8,4,0.1,300,127,20,0.0,0.7867962274935696,0.7866339119838139,9.812450885772705
8,5,0.1,300,127,20,0.0,0.7850814518433838,0.7851844463450154,9.615357875823975
9,1,0.1,300,127,20,1.0,0.7931428571428571,0.7934080303379375,11.413787126541138
9,2,0.1,300,127,20,1.0,0.7925714285714286,0.7924595608931563,10.367475032806396
9,3,0.1,300,127,20,1.0,0.7893683909688483,0.7897058201074398,9.91332197189331
9,4,0.1,300,127,20,1.0,0.7905115747356387,0.7903300444296679,8.993202209472656
9,5,0.1,300,127,20,1.0,0.795655901686196,0.7957805217306188,6.354602813720703
10,1,0.1,300,127,50,0.0,0.7962857142857143,0.7963749910131721,6.678981065750122
10,2,0.1,300,127,50,0.0,0.796,0.7958047565913672,7.214903831481934
10,3,0.1,300,127,50,0.0,0.7927979422692197,0.7930513631882655,6.6701250076293945
10,4,0.1,300,127,50,0.0,0.7842240640182909,0.7839778683618146,7.6941797733306885
10,5,0.1,300,127,50,0.0,0.7925121463275222,0.7926832638528031,7.080404996871948
11,1,0.1,300,127,50,1.0,0.8005714285714286,0.800806479466369,5.9644386768341064
11,2,0.1,300,127,50,1.0,0.7937142857142857,0.793662522133139,6.873157978057861
11,3,0.1,300,127,50,1.0,0.7853672477850815,0.7857267064929981,6.259984731674194
11,4,0.1,300,127,50,1.0,0.7853672477850815,0.7850693666180403,6.825678825378418
11,5,0.1,300,127,50,1.0,0.7985138611031724,0.798482908056266,5.82182502746582
12,1,0.05,600,31,20,0.0,0.7937142857142857,0.7939246474507203,6.371530055999756
12,2,0.05,600,31,20,0.0,0.7925714285714286,0.7924492558891841,7.885473966598511
12,3,0.05,600,31,20,0.0,0.7899399828522435,0.7906103731063029,6.750562906265259
12,4,0.05,600,31,20,0.0,0.7913689625607316,0.7910265345349446,6.974952936172485
12,5,0.05,600,31,20,0.0,0.7953701057444984,0.7956612430819794,6.921416997909546
13,1,0.05,600,31,20,1.0,0.8011428571428572,0.8013771645202663,7.881520748138428
13,2,0.05,600,31,20,1.0,0.7902857142857143,0.7902044636164873,8.61874008178711
13,3,0.05,600,31,20,1.0,0.7930837382109174,0.7935434235662149,7.811428070068359
13,4,0.05,600,31,20,1.0,0.7876536153186625,0.7872446892851617,9.949818134307861
13,5,0.05,600,31,20,1.0,0.7970848813946841,0.7973039847582029,8.299649953842163
14,1,0.05,600,31,50,0.0,0.7931428571428571,0.7932746717748377,6.783307075500488
14,2,0.05,600,31,50,0.0,0.794,0.794002175036749,7.5294718742370605
14,3,0.05,600,31,50,0.0,0.7922263503858246,0.7926512375558086,7.533294916152954
14,4,0.05,600,31,50,0.0,0.7833666761931981,0.7830476907285228,14.018678903579712
14,5,0.05,600,31,50,0.0,0.7982280651614747,0.7984544790235978,27.205263137817383
15,1,0.05,600,31,50,1.0,0.7937142857142857,0.7940574527550385,37.54852509498596
15,2,0.05,600,31,50,1.0,0.7934285714285715,0.7933571323967666,40.612377882003784
15,3,0.05,600,31,50,1.0,0.7876536153186625,0.7881326534098143,30.136839151382446
15,4,0.05,600,31,50,1.0,0.7847956559016862,0.7844643321265703,32.467901945114136
15,5,0.05,600,31,50,1.0,0.795655901686196,0.7957569608095523,29.91114091873169
16,1,0.05,600,63,20,0.0,0.8002857142857143,0.8006383980648204,47.825639963150024
16,2,0.05,600,63,20,0.0,0.7974285714285714,0.7972961903338477,40.898183822631836
16,3,0.05,600,63,20,0.0,0.7922263503858246,0.7926890375499995,41.918635845184326
16,4,0.05,600,63,20,0.0,0.7953701057444984,0.7951311911322149,40.771233797073364
16,5,0.05,600,63,20,0.0,0.7979422692197771,0.7981161666603792,32.71480393409729
17,1,0.05,600,63,20,1.0,0.8048571428571428,0.8050734249282518,16.185271978378296
17,2,0.05,600,63,20,1.0,0.7977142857142857,0.7976478447608404,20.95692729949951
17,3,0.05,600,63,20,1.0,0.7882252072020577,0.7885979634019235,12.844206094741821
17,4,0.05,600,63,20,1.0,0.7830808802515005,0.7827060268363574,13.71872091293335
17,5,0.05,600,63,20,1.0,0.7922263503858246,0.792448875340288,11.780729055404663
18,1,0.05,600,63,50,0.0,0.7925714285714286,0.7928384330835594,12.434165000915527
18,2,0.05,600,63,50,0.0,0.792,0.7920722358675871,13.072256088256836
18,3,0.05,600,63,50,0.0,0.788796799085453,0.7892170310666695,11.020497798919678
18,4,0.05,600,63,50,0.0,0.7819376964847099,0.7814102240672954,11.072383880615234
18,5,0.05,600,63,50,0.0,0.7950843098028008,0.7951594545864322,10.461824178695679
19,1,0.05,600,63,50,1.0,0.7977142857142857,0.7978537466967197,11.814929008483887
19,2,0.05,600,63,50,1.0,0.7922857142857143,0.7922817076945099,10.819168090820312
19,3,0.05,600,63,50,1.0,0.7913689625607316,0.7917218053443723,11.038504838943481
19,4,0.05,600,63,50,1.0,0.7862246356101743,0.785986401501918,10.291034936904907
19,5,0.05,600,63,50,1.0,0.79879965704487,0.799022232991155,9.88936710357666
20,1,0.05,600,127,20,0.0,0.7965714285714286,0.7967360365885124,16.732404947280884
20,2,0.05,600,127,20,0.0,0.7977142857142857,0.7975515516089571,19.358365058898926
20,3,0.05,600,127,20,0.0,0.7899399828522435,0.7902618492403876,18.94266700744629
20,4,0.05,600,127,20,0.0,0.7902257787939412,0.7899799448851575,18.020511865615845
20,5,0.05,600,127,20,0.0,0.7927979422692197,0.7928295908889924,16.271055698394775
21,1,0.05,600,127,20,1.0,0.7974285714285714,0.7976913807001118,19.71235203742981
21,2,0.05,600,127,20,1.0,0.7988571428571428,0.7987180003940118,21.215358018875122
21,3,0.05,600,127,20,1.0,0.793369534152615,0.7938428393349017,17.896843671798706
21,4,0.05,600,127,20,1.0,0.7870820234352672,0.7867200617372618,17.45901393890381
21,5,0.05,600,127,20,1.0,0.7947985138611031,0.7948722702046306,16.766362190246582
22,1,0.05,600,127,50,0.0,0.794,0.7940475318764063,17.705968856811523
22,2,0.05,600,127,50,0.0,0.7988571428571428,0.7986241927040673,17.272006273269653
22,3,0.05,600,127,50,0.0,0.7859388396684767,0.7864485690224602,20.611238718032837
22,4,0.05,600,127,50,0.0,0.7913689625607316,0.7910844726823781,18.089194774627686
22,5,0.05,600,127,50,0.0,0.7945127179194056,0.7946459109293462,19.04284381866455
23,1,0.05,600,127,50,1.0,0.7965714285714286,0.7966864177827394,16.477854013442993
23,2,0.05,600,127,50,1.0,0.7985714285714286,0.798447816054217,15.550861120223999
23,3,0.05,600,127,50,1.0,0.788796799085453,0.7890921417120557,11.497313022613525
23,4,0.05,600,127,50,1.0,0.7902257787939412,0.78989383132865,12.972648859024048
23,5,0.05,600,127,50,1.0,0.79879965704487,0.7989489934661216,13.087526082992554
24,1,0.03,1200,31,20,0.0,0.7951428571428572,0.7953386345395008,14.151439189910889
24,2,0.03,1200,31,20,0.0,0.7914285714285715,0.7913361599505034,12.86841893196106
24,3,0.03,1200,31,20,0.0,0.7902257787939412,0.7907729645445554,14.487016916275024
24,4,0.03,1200,31,20,0.0,0.7870820234352672,0.7866687490860914,15.569471836090088
24,5,0.03,1200,31,20,0.0,0.7979422692197771,0.7982024791152075,14.713715076446533
25,1,0.03,1200,31,20,1.0,0.7942857142857143,0.7945654071212533,20.368298292160034
25,2,0.03,1200,31,20,1.0,0.7928571428571428,0.7927395273877382,15.287642002105713
25,3,0.03,1200,31,20,1.0,0.7907973706773364,0.7913894089142159,12.38215184211731
25,4,0.03,1200,31,20,1.0,0.7885110031437553,0.7881412407013909,14.712934017181396
25,5,0.03,1200,31,20,1.0,0.8025150042869391,0.8027621591411004,13.273330211639404
26,1,0.03,1200,31,50,0.0,0.7994285714285714,0.7995988082077985,14.822402000427246
26,2,0.03,1200,31,50,0.0,0.7894285714285715,0.7893914595166781,11.59901213645935
26,3,0.03,1200,31,50,0.0,0.7905115747356387,0.7909488448322768,11.952399969100952
26,4,0.03,1200,31,50,0.0,0.7922263503858246,0.7919537696969551,12.712017059326172
26,5,0.03,1200,31,50,0.0,0.7979422692197771,0.7981622475499556,10.779412984848022
27,1,0.03,1200,31,50,1.0,0.7948571428571428,0.7950705980314217,18.6839702129364
27,2,0.03,1200,31,50,1.0,0.7911428571428571,0.7910399606528336,15.398561716079712
27,3,0.03,1200,31,50,1.0,0.7890825950271506,0.7895192784257234,12.916367053985596
27,4,0.03,1200,31,50,1.0,0.7876536153186625,0.7872794526670102,14.168997287750244
27,5,0.03,1200,31,50,1.0,0.7970848813946841,0.7972322577351886,13.788601160049438
28,1,0.03,1200,63,20,0.0,0.7948571428571428,0.7952129300231459,18.55759906768799
28,2,0.03,1200,63,20,0.0,0.8,0.7998542144843764,18.762967109680176
28,3,0.03,1200,63,20,0.0,0.7913689625607316,0.7918887114217567,16.045840740203857
28,4,0.03,1200,63,20,0.0,0.7890825950271506,0.788718280334157,18.84430193901062
28,5,0.03,1200,63,20,0.0,0.7947985138611031,0.7948755458134202,19.455490112304688
29,1,0.03,1200,63,20,1.0,0.7965714285714286,0.796833268676058,24.529456853866577
29,2,0.03,1200,63,20,1.0,0.794,0.7938932949113079,23.195801973342896
29,3,0.03,1200,63,20,1.0,0.7919405544441269,0.7923834252954383,18.87830114364624
29,4,0.03,1200,63,20,1.0,0.7825092883681052,0.7819592695316793,22.339622259140015
29,5,0.03,1200,63,20,1.0,0.796513289511289,0.7967017237878122,18.29274606704712
30,1,0.03,1200,63,50,0.0,0.7974285714285714,0.7975725583895155,19.7256178855896
30,2,0.03,1200,63,50,0.0,0.7922857142857143,0.7922938674265566,19.405325174331665
30,3,0.03,1200,63,50,0.0,0.7873678193769649,0.7878148272530677,17.43610191345215
30,4,0.03,1200,63,50,0.0,0.7902257787939412,0.789795813145542,19.6982159614563
30,5,0.03,1200,63,50,0.0,0.796513289511289,0.7966646929105652,19.720896005630493
31,1,0.03,1200,63,50,1.0,0.7997142857142857,0.7999523660314677,24.084911108016968
31,2,0.03,1200,63,50,1.0,0.7925714285714286,0.7926761947025516,21.284870862960815
31,3,0.03,1200,63,50,1.0,0.791083166619034,0.79145325155436,19.386491775512695
31,4,0.03,1200,63,50,1.0,0.788796799085453,0.7883871342401126,18.363986253738403
31,5,0.03,1200,63,50,1.0,0.8002286367533581,0.8003703713960505,21.16406226158142
32,1,0.03,1200,127,20,0.0,0.7977142857142857,0.7979109344200257,26.58036780357361
32,2,0.03,1200,127,20,0.0,0.7968571428571428,0.7967183223207359,26.93718385696411
32,3,0.03,1200,127,20,0.0,0.7890825950271506,0.7894299660069802,25.883875846862793
32,4,0.03,1200,127,20,0.0,0.7899399828522435,0.7897507852182815,27.674575090408325
32,5,0.03,1200,127,20,0.0,0.79879965704487,0.7991267093814243,27.49946904182434
33,1,0.03,1200,127,20,1.0,0.8008571428571428,0.8010159923682454,31.322268962860107
33,2,0.03,1200,127,20,1.0,0.8017142857142857,0.8015773132457882,31.94421410560608
33,3,0.03,1200,127,20,1.0,0.7899399828522435,0.7902774052774513,29.39115285873413
33,4,0.03,1200,127,20,1.0,0.786510431551872,0.7863166081674704,30.951944828033447
33,5,0.03,1200,127,20,1.0,0.7985138611031724,0.7985216792852555,33.269224882125854
34,1,0.03,1200,127,50,0.0,0.7908571428571428,0.7911455898956452,29.125815868377686
34,2,0.03,1200,127,50,0.0,0.7928571428571428,0.7928161617026288,29.729060888290405
34,3,0.03,1200,127,50,0.0,0.7867962274935696,0.7871214587771714,30.51069712638855
34,4,0.03,1200,127,50,0.0,0.7879394112603602,0.7876080266862203,30.501617908477783
34,5,0.03,1200,127,50,0.0,0.7973706773363818,0.79745116316843,29.581310033798218
35,1,0.03,1200,127,50,1.0,0.798,0.7981672491067009,27.317240953445435
35,2,0.03,1200,127,50,1.0,0.7985714285714286,0.7984258954328829,24.3592050075531
35,3,0.03,1200,127,50,1.0,0.7905115747356387,0.7908233722530799,18.05935525894165
35,4,0.03,1200,127,50,1.0,0.7922263503858246,0.7918683975227337,23.053809881210327
35,5,0.03,1200,127,50,1.0,0.795655901686196,0.7958835981920909,23.14860701560974
36,1,0.02,2000,31,20,0.0,0.8002857142857143,0.8005225391724672,24.736653089523315
36,2,0.02,2000,31,20,0.0,0.7917142857142857,0.7915756980811163,18.8885178565979
36,3,0.02,2000,31,20,0.0,0.7925121463275222,0.7929173137928593,16.657949924468994
36,4,0.02,2000,31,20,0.0,0.7925121463275222,0.7921481657607472,23.153960943222046
36,5,0.02,2000,31,20,0.0,0.7967990854529866,0.7968996821551485,21.54453730583191
37,1,0.02,2000,31,20,1.0,0.7997142857142857,0.7999818385672914,22.54621696472168
37,2,0.02,2000,31,20,1.0,0.7945714285714286,0.794562693156544,27.884613037109375
37,3,0.02,2000,31,20,1.0,0.7893683909688483,0.7898020050419673,23.39241313934326
37,4,0.02,2000,31,20,1.0,0.7916547585024293,0.7912268880557882,26.040866136550903
37,5,0.02,2000,31,20,1.0,0.8013718205201487,0.8016170095337913,26.000304222106934
38,1,0.02,2000,31,50,0.0,0.7977142857142857,0.797840138343216,24.35556387901306
38,2,0.02,2000,31,50,0.0,0.794,0.7940348538925834,20.6721031665802
38,3,0.02,2000,31,50,0.0,0.7867962274935696,0.7872700585241472,20.167205095291138
38,4,0.02,2000,31,50,0.0,0.7847956559016862,0.7844272378555863,19.712090015411377
38,5,0.02,2000,31,50,0.0,0.7999428408116604,0.8001051684283196,20.256330013275146
39,1,0.02,2000,31,50,1.0,0.7934285714285715,0.7936182998695407,23.892101049423218
39,2,0.02,2000,31,50,1.0,0.792,0.791887539027523,24.61823081970215
39,3,0.02,2000,31,50,1.0,0.7916547585024293,0.7921236300067375,21.446489095687866
39,4,0.02,2000,31,50,1.0,0.7879394112603602,0.7876180839428772,22.21563196182251
39,5,0.02,2000,31,50,1.0,0.7993712489282652,0.7996069776784108,19.091275691986084
40,1,0.02,2000,63,20,0.0,0.8005714285714286,0.8007801388142476,31.402759790420532
40,2,0.02,2000,63,20,0.0,0.7968571428571428,0.7966789204167763,37.85899209976196
40,3,0.02,2000,63,20,0.0,0.796513289511289,0.7969260459434264,24.335662126541138
40,4,0.02,2000,63,20,0.0,0.786510431551872,0.786136373421489,28.140419006347656
40,5,0.02,2000,63,20,0.0,0.7976564732780794,0.7977906817948399,24.343466997146606
41,1,0.02,2000,63,20,1.0,0.7988571428571428,0.7990538738730159,30.602654218673706
41,2,0.02,2000,63,20,1.0,0.7962857142857143,0.7962640274269228,31.608685970306396
41,3,0.02,2000,63,20,1.0,0.7930837382109174,0.793558281838899,29.898937940597534
41,4,0.02,2000,63,20,1.0,0.791083166619034,0.7906991801843399,28.368828296661377
41,5,0.02,2000,63,20,1.0,0.7959416976278937,0.7961344404389165,27.16730499267578
42,1,0.02,2000,63,50,0.0,0.7965714285714286,0.7967781103884455,24.26411485671997
42,2,0.02,2000,63,50,0.0,0.7925714285714286,0.7924948362655013,27.45498299598694
42,3,0.02,2000,63,50,0.0,0.7936553300943127,0.7940334408165743,30.1924409866333
42,4,0.02,2000,63,50,0.0,0.7879394112603602,0.7874607835986329,29.27694606781006
42,5,0.02,2000,63,50,0.0,0.796513289511289,0.7967658959753797,29.79569911956787
43,1,0.02,2000,63,50,1.0,0.7985714285714286,0.7987927487902488,36.672903060913086
43,2,0.02,2000,63,50,1.0,0.7945714285714286,0.7945720467393652,33.53305101394653
43,3,0.02,2000,63,50,1.0,0.788796799085453,0.7891991758753303,29.29855489730835
43,4,0.02,2000,63,50,1.0,0.791083166619034,0.7905510592984821,32.47837686538696
43,5,0.02,2000,63,50,1.0,0.8016576164618462,0.8017769104797225,29.023080110549927
44,1,0.02,2000,127,20,0.0,0.7991428571428572,0.799273511769069,41.55374073982239
44,2,0.02,2000,127,20,0.0,0.7934285714285715,0.7932165279060273,41.024704933166504
44,3,0.02,2000,127,20,0.0,0.788796799085453,0.789257888290141,36.52427792549133
44,4,0.02,2000,127,20,0.0,0.7853672477850815,0.7850782387698889,36.99805498123169
44,5,0.02,2000,127,20,0.0,0.7950843098028008,0.7952945500752416,41.013370752334595
45,1,0.02,2000,127,20,1.0,0.8057142857142857,0.8058655596889143,52.48593807220459
45,2,0.02,2000,127,20,1.0,0.8008571428571428,0.8006392660257142,43.39667892456055
45,3,0.02,2000,127,20,1.0,0.7959416976278937,0.7963395179468475,41.04789400100708
45,4,0.02,2000,127,20,1.0,0.7885110031437553,0.788149365986358,47.87785601615906
45,5,0.02,2000,127,20,1.0,0.7970848813946841,0.7970615656889934,44.24650526046753
46,1,0.02,2000,127,50,0.0,0.7937142857142857,0.7938941355235042,47.07847285270691
46,2,0.02,2000,127,50,0.0,0.7945714285714286,0.7944204616553875,48.029550075531006
46,3,0.02,2000,127,50,0.0,0.7925121463275222,0.7928176531275352,45.49195122718811
46,4,0.02,2000,127,50,0.0,0.7879394112603602,0.787572432982629,50.22249984741211
46,5,0.02,2000,127,50,0.0,0.8016576164618462,0.8018611206710323,47.78723096847534
47,1,0.02,2000,127,50,1.0,0.7985714285714286,0.7987195877959492,47.61096501350403
47,2,0.02,2000,127,50,1.0,0.7882857142857143,0.7882041969974807,42.55955410003662
47,3,0.02,2000,127,50,1.0,0.7896541869105459,0.7898975856821698,34.24083709716797
47,4,0.02,2000,127,50,1.0,0.7867962274935696,0.7863716159700542,37.5332350730896
47,5,0.02,2000,127,50,1.0,0.7936553300943127,0.7936740449305699,47.41486215591431
