feature,mean_abs_shap_overall,mean_abs_shap_Benign/Likely benign,mean_abs_shap_Pathogenic/Likely pathogenic
ditto_score,4.2632077830617465,4.2632077830617465,4.2632077830617465
metarnn_score,1.116223777526612,1.116223777526612,1.116223777526612
bayesdel_bayesdel_addaf_score,0.4990884787053544,0.4990884787053544,0.4990884787053544
clinpred_score,0.18074395819712205,0.18074395819712205,0.18074395819712205
gnomad_af,0.13512091678895052,0.13512091678895052,0.13512091678895052
gmvp_score,0.09449230422056491,0.09449230422056491,0.09449230422056491
vest_score,0.05202082820653331,0.05202082820653331,0.05202082820653331
mutpred2_score,0.04837716710321335,0.04837716710321335,0.04837716710321335
allofus250k_gvs_max_af,0.03920153760131755,0.03920153760131755,0.03920153760131755
allofus250k_gvs_max_an,0.03869774673449784,0.03869774673449784,0.03869774673449784
alphamissense_am_pathogenicity,0.03220708879914843,0.03220708879914843,0.03220708879914843
regeneron_all_an,0.030391946315012786,0.030391946315012786,0.030391946315012786
fathmm_xf_coding_fathmm_xf_coding_score,0.030318710628705458,0.030318710628705458,0.030318710628705458
gnomad_af_nfe,0.027934954969009634,0.027934954969009634,0.027934954969009634
allofus250k_gvs_afr_ac,0.02764132495216406,0.02764132495216406,0.02764132495216406
primateai_primateai_score,0.02683359856936834,0.02683359856936834,0.02683359856936834
cadd_score,0.025904856599159663,0.025904856599159663,0.025904856599159663
mistic_score,0.025860086048643913,0.025860086048643913,0.025860086048643913
regeneron_all_ac,0.021158130296747915,0.021158130296747915,0.021158130296747915
phylop_phylop470_mamm,0.017492930666228083,0.017492930666228083,0.017492930666228083
ncer_score,0.01721687429581081,0.01721687429581081,0.01721687429581081
gnomad3_af_eas,0.01719573863693057,0.01719573863693057,0.01719573863693057
gnomad3_af_nfe,0.01713148386095338,0.01713148386095338,0.01713148386095338
alfa_total_freq,0.01605518661418472,0.01605518661418472,0.01605518661418472
allofus250k_gvs_max_ac,0.015394788309679835,0.015394788309679835,0.015394788309679835
phastcons_phastcons17way_primate,0.014335366128166577,0.014335366128166577,0.014335366128166577
polyphen2_hdiv_rank,0.014332652863819486,0.014332652863819486,0.014332652863819486
polyphen2_hvar_rank,0.013683325641092122,0.013683325641092122,0.013683325641092122
regeneron_all_af,0.013508290437192596,0.013508290437192596,0.013508290437192596
vest_pval,0.0133462473217066,0.0133462473217066,0.0133462473217066
allofus250k_gvs_eas_ac,0.012874576861334256,0.012874576861334256,0.012874576861334256
gnomad3_af,0.012399316581896906,0.012399316581896906,0.012399316581896906
eve_score,0.011532650149672813,0.011532650149672813,0.011532650149672813
chasmplus_prad_pval,0.011438554928973065,0.011438554928973065,0.011438554928973065
varity_r_varity_er,0.011256950241032336,0.011256950241032336,0.011256950241032336
revel_score,0.011236245785235658,0.011236245785235658,0.011236245785235658
gnomad3_af_oth,0.011208790312835941,0.011208790312835941,0.011208790312835941
phylop_phylop100_vert,0.010569737547254997,0.010569737547254997,0.010569737547254997
dann_coding_dann_coding_score,0.010565591868933986,0.010565591868933986,0.010565591868933986
lrt_lrt_omega,0.010554167144829206,0.010554167144829206,0.010554167144829206
varity_r_varity_er_loo,0.010252848587903726,0.010252848587903726,0.010252848587903726
gnomad3_af_sas,0.010236048154956223,0.010236048154956223,0.010236048154956223
mutation_assessor_score,0.010166747990738524,0.010166747990738524,0.010166747990738524
fathmm_xf_score,0.009887155630899563,0.009887155630899563,0.009887155630899563
phdsnpg_score,0.009634167074618233,0.009634167074618233,0.009634167074618233
genocanyon_score,0.009573038981521563,0.009573038981521563,0.009573038981521563
chasmplus_ucec_pval,0.00951337101088839,0.00951337101088839,0.00951337101088839
chasmplus_skcm_pval,0.009258393676996584,0.009258393676996584,0.009258393676996584
bayesdel_bayesdel_noaf_score,0.009053696459250422,0.009053696459250422,0.009053696459250422
allofus250k_gvs_afr_af,0.008976029386017876,0.008976029386017876,0.008976029386017876
allofus250k_gvs_all_ac,0.00873075349870667,0.00873075349870667,0.00873075349870667
varity_r_varity_r,0.008369189213005581,0.008369189213005581,0.008369189213005581
phylop_phylop17_primate,0.008320630125457923,0.008320630125457923,0.008320630125457923
allofus250k_gvs_all_an,0.00805456763833694,0.00805456763833694,0.00805456763833694
phdsnpg_fdr,0.007668780637628556,0.007668780637628556,0.007668780637628556
cscape_score,0.007586424527422356,0.007586424527422356,0.007586424527422356
chasmplus_esca_pval,0.007549952068221434,0.007549952068221434,0.007549952068221434
metasvm_score,0.007499032659589797,0.007499032659589797,0.007499032659589797
siphy_logodds,0.007459478730220505,0.007459478730220505,0.007459478730220505
original_input_pos,0.007409621779728099,0.007409621779728099,0.007409621779728099
gnomad3_af_lat,0.007337476026579514,0.007337476026579514,0.007337476026579514
allofus250k_gvs_eur_ac,0.007309131207978043,0.007309131207978043,0.007309131207978043
varity_r_varity_r_loo,0.007223823204967601,0.007223823204967601,0.007223823204967601
chasmplus_laml_pval,0.007034379052191485,0.007034379052191485,0.007034379052191485
provean_rankscore,0.006932964539661711,0.006932964539661711,0.006932964539661711
chasmplus_coad_pval,0.006866643292873369,0.006866643292873369,0.006866643292873369
allofus250k_gvs_eur_af,0.006785747508744297,0.006785747508744297,0.006785747508744297
lrt_lrt_converted_rankscore,0.00659369778637849,0.00659369778637849,0.00659369778637849
chasmplus_gbm_pval,0.006540386171594624,0.006540386171594624,0.006540386171594624
chasmplus_hnsc_pval,0.006229260340256202,0.006229260340256202,0.006229260340256202
chasmplus_lusc_pval,0.006103718462949258,0.006103718462949258,0.006103718462949258
fitcons_fitcons_coding_score,0.006090171300553215,0.006090171300553215,0.006090171300553215
chasmplus_meso_pval,0.005989049065352285,0.005989049065352285,0.005989049065352285
hg19_pos,0.005987096200610289,0.005987096200610289,0.005987096200610289
alfa_total_alt,0.005775012125935391,0.005775012125935391,0.005775012125935391
mutationtaster_score,0.005728991633913368,0.005728991633913368,0.005728991633913368
esm1b_score,0.0056490276437898635,0.0056490276437898635,0.0056490276437898635
allofus250k_gvs_amr_ac,0.005591493626795006,0.005591493626795006,0.005591493626795006
chasmplus_chol_score,0.005577966597922511,0.005577966597922511,0.005577966597922511
sift_med,0.005378440878668746,0.005378440878668746,0.005378440878668746
gnomad3_af_asj,0.005355954746479726,0.005355954746479726,0.005355954746479726
provean_score,0.0053185632418925035,0.0053185632418925035,0.0053185632418925035
metalr_score,0.005196667354470825,0.005196667354470825,0.005196667354470825
mutpred1_mutpred_general_score,0.004837502422582756,0.004837502422582756,0.004837502422582756
sift_seqs,0.004791825065551978,0.004791825065551978,0.004791825065551978
sift_score,0.004777328621379776,0.004777328621379776,0.004777328621379776
dann_score,0.004652630864985177,0.004652630864985177,0.004652630864985177
chasmplus_thym_pval,0.004532576083403044,0.004532576083403044,0.004532576083403044
chasmplus_chol_pval,0.004369342262087278,0.004369342262087278,0.004369342262087278
chasmplus_pval,0.0043447617182893975,0.0043447617182893975,0.0043447617182893975
chasmplus_lihc_pval,0.004066709818251072,0.004066709818251072,0.004066709818251072
cadd_exome_score,0.004046164512390549,0.004046164512390549,0.004046164512390549
chasmplus_kirp_pval,0.0038947312522583776,0.0038947312522583776,0.0038947312522583776
chasmplus_prad_score,0.0038541274502371385,0.0038541274502371385,0.0038541274502371385
allofus250k_gvs_eas_an,0.0034940886187103345,0.0034940886187103345,0.0034940886187103345
genocanyon_rankscore,0.0034385428609466037,0.0034385428609466037,0.0034385428609466037
gerp_gerp_nr,0.0034242403597049584,0.0034242403597049584,0.0034242403597049584
chasmplus_read_pval,0.003209942150677311,0.003209942150677311,0.003209942150677311
fathmm_mkl_fathmm_mkl_coding_score,0.003098876712595697,0.003098876712595697,0.003098876712595697
allofus250k_gvs_eur_an,0.0030406339469430336,0.0030406339469430336,0.0030406339469430336
lrt_lrt_score,0.002898569680345845,0.002898569680345845,0.002898569680345845
chasmplus_stad_pval,0.002870918921381194,0.002870918921381194,0.002870918921381194
chasmplus_cesc_pval,0.00264919138816193,0.00264919138816193,0.00264919138816193
gerp_gerp_rs,0.0025863668614819323,0.0025863668614819323,0.0025863668614819323
chasmplus_ucs_pval,0.002516325574217896,0.002516325574217896,0.002516325574217896
alfa_latin_american_latin1_alt,0.002470813637191039,0.002470813637191039,0.002470813637191039
chasmplus_acc_pval,0.0024210210205899366,0.0024210210205899366,0.0024210210205899366
allofus250k_gvs_afr_an,0.002366681061516171,0.002366681061516171,0.002366681061516171
chasmplus_sarc_pval,0.002357343216541272,0.002357343216541272,0.002357343216541272
chasmplus_luad_pval,0.002347951700481907,0.002347951700481907,0.002347951700481907
chasmplus_laml_score,0.002212447630680043,0.002212447630680043,0.002212447630680043
chasmplus_lihc_score,0.0021872385100452567,0.0021872385100452567,0.0021872385100452567
chasmplus_pcpg_pval,0.002168415835705935,0.002168415835705935,0.002168415835705935
sift_rankscore,0.0021594977890083125,0.0021594977890083125,0.0021594977890083125
allofus250k_gvs_sas_an,0.0021589770573892672,0.0021589770573892672,0.0021589770573892672
chasmplus_ucec_score,0.0021552823489241774,0.0021552823489241774,0.0021552823489241774
chasmplus_esca_score,0.0021391513611016466,0.0021391513611016466,0.0021391513611016466
esm1b_rankscore,0.001982790508956113,0.001982790508956113,0.001982790508956113
chasmplus_lgg_pval,0.0019824930771504936,0.0019824930771504936,0.0019824930771504936
gnomad3_af_afr,0.0019603698988876032,0.0019603698988876032,0.0019603698988876032
chasmplus_brca_pval,0.0019455822316834183,0.0019455822316834183,0.0019455822316834183
chasmplus_acc_score,0.001895517175904667,0.001895517175904667,0.001895517175904667
chasmplus_kirc_pval,0.0018639677365676773,0.0018639677365676773,0.0018639677365676773
allofus250k_gvs_amr_an,0.0018101454875588277,0.0018101454875588277,0.0018101454875588277
allofus250k_gvs_oth_ac,0.001806925016857793,0.001806925016857793,0.001806925016857793
chasmplus_tgct_pval,0.001796647760560171,0.001796647760560171,0.001796647760560171
chasmplus_score,0.0017349923693512773,0.0017349923693512773,0.0017349923693512773
cscape_coding_score,0.0016695712444305824,0.0016695712444305824,0.0016695712444305824
chasmplus_meso_score,0.0016419612949011293,0.0016419612949011293,0.0016419612949011293
chasmplus_gbm_score,0.0015847478553419126,0.0015847478553419126,0.0015847478553419126
cadd_phred,0.0015256208435996017,0.0015256208435996017,0.0015256208435996017
chasmplus_lusc_score,0.0014278950894004228,0.0014278950894004228,0.0014278950894004228
mutationtaster_rankscore,0.001398934860487063,0.001398934860487063,0.001398934860487063
chasmplus_coad_score,0.0013620051587856636,0.0013620051587856636,0.0013620051587856636
chasmplus_read_score,0.0013540995010096104,0.0013540995010096104,0.0013540995010096104
chasmplus_kirp_score,0.0013124811184626547,0.0013124811184626547,0.0013124811184626547
chasmplus_kich_pval,0.001263178509037244,0.001263178509037244,0.001263178509037244
dann_coding_dann_rankscore,0.0012548434254315045,0.0012548434254315045,0.0012548434254315045
chasmplus_thca_score,0.0012325334730394898,0.0012325334730394898,0.0012325334730394898
chasmplus_hnsc_score,0.001224891801302767,0.001224891801302767,0.001224891801302767
allofus250k_gvs_mid_ac,0.0011962225551240642,0.0011962225551240642,0.0011962225551240642
chasmplus_dlbc_pval,0.0011795138917988699,0.0011795138917988699,0.0011795138917988699
chasmplus_brca_score,0.001074796443474065,0.001074796443474065,0.001074796443474065
phastcons_phastcons100_vert,0.0010700427484379525,0.0010700427484379525,0.0010700427484379525
chasmplus_skcm_score,0.0009344338693350146,0.0009344338693350146,0.0009344338693350146
chasmplus_ov_pval,0.0008814738482053205,0.0008814738482053205,0.0008814738482053205
chasmplus_paad_pval,0.0008308653793869158,0.0008308653793869158,0.0008308653793869158
funseq2_score,0.0007230692267170183,0.0007230692267170183,0.0007230692267170183
chasmplus_ov_score,0.0007124709956845317,0.0007124709956845317,0.0007124709956845317
chasmplus_thym_score,0.0006797896190613951,0.0006797896190613951,0.0006797896190613951
chasmplus_luad_score,0.0006697218547172031,0.0006697218547172031,0.0006697218547172031
allofus250k_gvs_all_af,0.0006568597232225525,0.0006568597232225525,0.0006568597232225525
chasmplus_blca_pval,0.0006327570910377238,0.0006327570910377238,0.0006327570910377238
chasmplus_sarc_score,0.0005444452972685421,0.0005444452972685421,0.0005444452972685421
gnomad3_af_fin,0.0005417298260094433,0.0005417298260094433,0.0005417298260094433
chasmplus_dlbc_score,0.0005415467026819222,0.0005415467026819222,0.0005415467026819222
metarnn_rank_score,0.0005233501652765685,0.0005233501652765685,0.0005233501652765685
chasmplus_tgct_score,0.0005138100038690425,0.0005138100038690425,0.0005138100038690425
chasmplus_lgg_score,0.0004969415961737929,0.0004969415961737929,0.0004969415961737929
chasmplus_uvm_pval,0.00043322319228612045,0.00043322319228612045,0.00043322319228612045
chasmplus_blca_score,0.0004087645872390171,0.0004087645872390171,0.0004087645872390171
chasmplus_stad_score,0.00040282131292750805,0.00040282131292750805,0.00040282131292750805
chasmplus_thca_pval,0.0003948151221080278,0.0003948151221080278,0.0003948151221080278
allofus250k_gvs_oth_an,0.0003911923855921913,0.0003911923855921913,0.0003911923855921913
chasmplus_ucs_score,0.00037919215832079813,0.00037919215832079813,0.00037919215832079813
chasmplus_kich_score,0.0003480286870242287,0.0003480286870242287,0.0003480286870242287
chasmplus_kirc_score,0.0003346792291348024,0.0003346792291348024,0.0003346792291348024
chasmplus_uvm_score,0.00031796221630482553,0.00031796221630482553,0.00031796221630482553
allofus250k_gvs_mid_an,0.0003142827870191091,0.0003142827870191091,0.0003142827870191091
chasmplus_pcpg_score,0.00028360543520069165,0.00028360543520069165,0.00028360543520069165
chasmplus_paad_score,0.00024580656857297245,0.00024580656857297245,0.00024580656857297245
chasmplus_cesc_score,0.0002285868352904569,0.0002285868352904569,0.0002285868352904569
phastcons_phastcons470_mamm,0.0001075282790583823,0.0001075282790583823,0.0001075282790583823
allofus250k_gvs_amr_af,8.098097088404707e-05,8.098097088404707e-05,8.098097088404707e-05
allofus250k_gvs_oth_af,6.685759625902195e-05,6.685759625902195e-05,6.685759625902195e-05
allofus250k_gvs_sas_ac,5.586361113392239e-05,5.586361113392239e-05,5.586361113392239e-05
clinpred_rankscore,0.0,0.0,0.0
alfa_latin_american_latin2_freq,0.0,0.0,0.0
cscape_coding_rankscore,0.0,0.0,0.0
cadd_exome_phred,0.0,0.0,0.0
metasvm_rankscore,0.0,0.0,0.0
revel_rankscore,0.0,0.0,0.0
primateai_primateai_rankscore,0.0,0.0,0.0
siphy_logodds_rank,0.0,0.0,0.0
alfa_latin_american_latin2_alt,0.0,0.0,0.0
alfa_latin_american_latin1_freq,0.0,0.0,0.0
eve_rank_score,0.0,0.0,0.0
phylop_phylop17_primate_r,0.0,0.0,0.0
fathmm_mkl_fathmm_mkl_coding_rankscore,0.0,0.0,0.0
fitcons_fitcons_coding_rankscore,0.0,0.0,0.0
metalr_rankscore,0.0,0.0,0.0
allofus250k_gvs_mid_af,0.0,0.0,0.0
mutpred1_mutpred_rankscore,0.0,0.0,0.0
mutpred2_rankscore,0.0,0.0,0.0
allofus250k_gvs_sas_af,0.0,0.0,0.0
phastcons_phastcons100_vert_r,0.0,0.0,0.0
phastcons_phastcons470_mamm_r,0.0,0.0,0.0
allofus250k_gvs_eas_af,0.0,0.0,0.0
phastcons_phastcons17way_primate_r,0.0,0.0,0.0
bayesdel_bayesdel_addaf_rankscore,0.0,0.0,0.0
gmvp_rank_score,0.0,0.0,0.0
phylop_phylop100_vert_r,0.0,0.0,0.0
gerp_gerp_rs_rank,0.0,0.0,0.0
phylop_phylop470_mamm_r,0.0,0.0,0.0
bayesdel_bayesdel_noaf_rankscore,0.0,0.0,0.0
mutation_assessor_rankscore,0.0,0.0,0.0
fitcons_fitcons_coding_pred,0.0,0.0,0.0
fathmm_xf_coding_fathmm_xf_coding_rankscore,0.0,0.0,0.0
