feature,mean_abs_shap_overall,mean_abs_shap_Benign,mean_abs_shap_Likely benign,mean_abs_shap_Likely pathogenic,mean_abs_shap_Pathogenic
ditto_score,2.4870841766378273,2.8442787680649406,4.096827430143855,0.8135335272773703,2.1936969810651425
metarnn_score,0.6855245394409644,0.42008382358100055,1.0724399390208819,0.6988311276694869,0.5507432674924885
gnomad_af,0.6410599803315055,1.0772198422970538,1.1558685347095956,0.3198446554303208,0.011306888889051679
allofus250k_gvs_max_af,0.5133854386589989,1.4287817160415464,0.6098286878420314,0.008369679590827676,0.006561671161590422
clinpred_score,0.47331154890505145,0.9520537145146303,0.5940755830413211,0.2923364870967427,0.054780410967511635
metarnn_rank_score,0.42598825673184837,0.7325148153484334,0.6847281721264444,0.22215070897984243,0.06455933047267333
bayesdel_bayesdel_addaf_rankscore,0.27977463262868624,0.7824901389913719,0.19335455508173074,0.058663122045549125,0.08459071439609342
bayesdel_bayesdel_addaf_score,0.2059127721134061,0.20826316002040654,0.3674864155332207,0.14813732337311122,0.09976418952688589
gnomad3_af_afr,0.1551489677077019,0.5313690737258927,0.05184913346846212,0.019092575988892,0.01828508764756072
alphamissense_am_pathogenicity,0.15408438172102296,0.3542520520691266,0.1691674854922935,0.032215083241890846,0.06070290608078093
gnomad3_af_nfe,0.15172724234928373,0.3112323805691531,0.1416566369861343,0.1419043921458331,0.012115559696014393
ncer_score,0.14140233471122127,0.20480140938103292,0.1804672212752587,0.13255165872413846,0.04778904946445501
mutpred1_mutpred_general_score,0.1369835225629047,0.181219115765322,0.04226949910274682,0.15393811363770496,0.17050736174584505
alfa_total_alt,0.13362300569599564,0.05235778285950773,0.028886939987410327,0.4081579109064584,0.04508938903060615
gmvp_score,0.12065427963960187,0.192581176812244,0.22358422150404536,0.04609049777616252,0.02036122246595561
mutpred2_rankscore,0.0982996067114977,0.009547677026742333,0.027259573800788153,0.3241705736189213,0.03222060239953903
allofus250k_gvs_max_ac,0.09452622625019542,0.1710623784890875,0.14303009534487712,0.0217718097909851,0.04224062137583195
gnomad3_af,0.08129035265605682,0.20292105825077741,0.09992611505347831,0.016747979649053255,0.0055662576709183086
revel_score,0.08114940824537621,0.06779389840655975,0.12333796460207742,0.061636685933687124,0.07182908403918058
gnomad3_af_fin,0.07482959196479444,0.14458233337147797,0.10017910239135099,0.03724199509304298,0.017314937003305844
allofus250k_gvs_afr_ac,0.07348656733003023,0.10658618894328964,0.17738042140724508,0.004696200486352725,0.005283458483233455
mutation_assessor_score,0.07342423923428774,0.13609102012315935,0.09898728031047171,0.03147344105150823,0.027145215452011696
mistic_score,0.06920414327197899,0.0439520437395203,0.13543188600795228,0.04703444715202302,0.05039819618842034
vest_score,0.06900397522703855,0.014891366211946602,0.12140874271363591,0.04572084999422583,0.09399494198834588
allofus250k_gvs_eas_ac,0.06596855340673433,0.2029831074092788,0.04212137996393256,0.00921594899067888,0.009553777263047047
gnomad3_af_sas,0.06474893536758775,0.09583783832661973,0.015060927700675917,0.003178235021186309,0.144918740421869
mutpred2_score,0.061440363861293534,0.027605081404485417,0.09805464663837532,0.08081671048629388,0.03928501691601952
fathmm_xf_coding_fathmm_xf_coding_score,0.057704932602800685,0.07567019780683695,0.10344934839190013,0.02583898799243364,0.02586119622003199
gnomad_af_nfe,0.05720075302328277,0.05710999073716755,0.05006299507275606,0.11144072155363757,0.010189304729569925
bayesdel_bayesdel_noaf_score,0.05704041865949032,0.07101431759113754,0.013856718801695206,0.06431739697990393,0.07897324126522458
phdsnpg_score,0.056821922955415785,0.0231957485247077,0.03622536081348348,0.10311289996669623,0.0647536825167757
hg19_pos,0.056287946621761,0.0829829517024648,0.06890996890033252,0.04945547367311704,0.02380339221112968
metalr_score,0.05548608846202994,0.061180847158080386,0.06459128021203436,0.03702933491672407,0.059142891561280914
regeneron_all_af,0.053395294085520746,0.10603155004912256,0.07008556108983124,0.026896337487580184,0.010567727715549008
original_input_pos,0.05330897922652063,0.06467148869944295,0.06742399205239905,0.04900982286768347,0.032130613286557044
regeneron_all_an,0.05324187754670973,0.10294173586112376,0.0473739680888992,0.044459079962418206,0.018192726274397754
primateai_primateai_rankscore,0.05305150063500068,0.08693441056039443,0.08395046480872172,0.017059119979795614,0.024262007191090947
gmvp_rank_score,0.05124000511803361,0.011023249924881844,0.15582677185934582,0.02548686065236034,0.012623138035546436
primateai_primateai_score,0.05057859605283224,0.047644559202043496,0.09768301274929829,0.02338501393821302,0.03360179832177418
allofus250k_gvs_eur_af,0.05033469888230726,0.03790947743187254,0.0229330578082319,0.136949717037786,0.0035465432513386097
alfa_total_freq,0.0498444988477408,0.03380422644281141,0.03848148915462606,0.11086996455922854,0.016222315234297208
phastcons_phastcons17way_primate,0.049449497256629636,0.09960271737652986,0.043890083919030654,0.028014451142909336,0.026290736588048674
chasmplus_pval,0.04743571396062205,0.10744080984966754,0.029526532091266298,0.0289011507692035,0.023874363132350872
allofus250k_gvs_all_ac,0.046715298116902754,0.029340370704269758,0.08289581912989763,0.012885721175407183,0.06173928145803646
dann_score,0.043300427423476645,0.03584663900467697,0.06305239396092828,0.04192341477195123,0.03237926195635011
dann_coding_dann_coding_score,0.040610569345486354,0.032395397616938666,0.024639531347788356,0.045209428168834075,0.06019792024838432
gnomad3_af_asj,0.04048019126579108,0.10214182082075587,0.0495601494133095,0.005114883172046543,0.005103911657052434
allofus250k_gvs_max_an,0.040470575344810446,0.03907439964865173,0.04229142778063303,0.05362527348122602,0.026891200468731006
metasvm_rankscore,0.03984393717827983,0.09527873794990792,0.012973315029073357,0.01427558055768331,0.03684811517645473
polyphen2_hdiv_rank,0.03942354793962356,0.019444767926366666,0.10218291644730867,0.022825108823127473,0.013241398561691438
allofus250k_gvs_afr_af,0.039246743714556026,0.060472855243756854,0.02099989218522317,0.014223399271382801,0.06129082815786126
vest_pval,0.03795715980162794,0.013204096520317912,0.09585303617001964,0.014735205904850059,0.028036300611324165
regeneron_all_ac,0.037940276082163646,0.08945777364494398,0.039085459231709925,0.014466199568301792,0.008751671883698912
polyphen2_hvar_rank,0.03788725742639781,0.021965241502020533,0.05468561692556369,0.03946777100871561,0.03543040026929141
genocanyon_score,0.037277024790253466,0.02390387892563028,0.04135302000165395,0.06965094772771548,0.014200252506014132
fathmm_xf_score,0.037261417297330464,0.024005169594172995,0.06720235572604835,0.027999270859091305,0.029838873010009214
mutationtaster_score,0.03698452916722456,0.021993145409686957,0.02450900490806867,0.03866942763681076,0.06276653871433185
varity_r_varity_er,0.03645562291248776,0.013251506429390734,0.10379106867919208,0.018432370418472222,0.010347546122895979
sift_med,0.036355249085836455,0.04373770190377667,0.04541543029185167,0.024163589594305968,0.0321042745534115
varity_r_varity_r_loo,0.03634079325248009,0.053372150809867465,0.04878143261954335,0.017396251336900103,0.02581333824360943
cscape_score,0.03631176825972024,0.02054808528586584,0.06102865416799748,0.04601544425418999,0.01765488933082764
dann_coding_dann_rankscore,0.03608845335486454,0.011229165370794164,0.017838407395921397,0.045980073839373796,0.0693061668133688
lrt_lrt_score,0.03562069636770928,0.03920324837130589,0.04641145049428611,0.03820734077239131,0.01866074583285381
revel_rankscore,0.035346613017740156,0.03428079270347135,0.01820910365543099,0.02742101263297791,0.06147554307908039
allofus250k_gvs_amr_ac,0.03469102721841179,0.08189896549116976,0.03612200040327783,0.012397271010870322,0.008345871968329218
provean_score,0.03432685394310102,0.01774331496070162,0.07389917481616937,0.021380709107763508,0.0242842168877696
eve_score,0.03400229795597656,0.027919507286302714,0.05893300181255854,0.026655055625959462,0.022501627099085535
chasmplus_stad_pval,0.03340983455950643,0.05235863972904615,0.04585080335716166,0.02164677672494503,0.013783118426872883
mutationtaster_rankscore,0.03316053125565248,0.04418496239577173,0.03636517874954182,0.033410819514771,0.018681164362525354
fitcons_fitcons_coding_score,0.032685071145674226,0.03404447020488503,0.023809975981517864,0.03669671027964156,0.03618912811665246
chasmplus_coad_pval,0.032236881237527236,0.03392378786374347,0.058136384071613756,0.01801905553331202,0.018868297481439707
sift_seqs,0.032014396297651966,0.03304256955813701,0.03359914163893378,0.02667503026085885,0.03474084373267821
cadd_score,0.0317472029016951,0.014888191737562336,0.06411322751414136,0.02902133276935462,0.01896605958572208
allofus250k_gvs_oth_ac,0.03169833469833015,0.06912749481553215,0.04476434485767717,0.011278932932119807,0.0016225661879914776
chasmplus_laml_pval,0.031027089311932984,0.04559852566768964,0.05797724597085673,0.00729637040090487,0.013236215208280689
chasmplus_tgct_pval,0.029826222186443936,0.06196454493650273,0.029618694122489866,0.019133530677151383,0.008588119009631752
esm1b_rankscore,0.02979652799943009,0.013211117166606778,0.034919496412915994,0.053291123065469084,0.017764375352728505
gnomad3_af_eas,0.029772598005027094,0.04992943829233392,0.030997652618051416,0.034268280823682794,0.0038950202860402474
chasmplus_score,0.02944629883244719,0.04495263988818251,0.02370920451953686,0.027216557564653594,0.021906793357415792
gerp_gerp_rs,0.029399046590577453,0.02245519869631397,0.018361239504311504,0.04964204902923469,0.027137699132449646
chasmplus_lusc_pval,0.02939707896969143,0.040103245517534754,0.02578782222411367,0.03593151878285946,0.015765729354257855
clinpred_rankscore,0.02913506070301898,0.05186544923272958,0.049630658502866076,0.011312133949641609,0.003732001126838657
chasmplus_ov_pval,0.029100530614512236,0.06229083417502635,0.03270524624232806,0.010215156385720325,0.011190885654974208
chasmplus_kirp_pval,0.028890014375983986,0.05578096798765309,0.018051753702079752,0.023108890666903272,0.01861844514729983
varity_r_varity_er_loo,0.028826221590969505,0.02775936939262709,0.04366061470133562,0.02250245792809936,0.021382444341815937
esm1b_score,0.02836762526789329,0.027207800928793907,0.03536028076213095,0.025444316150042414,0.02545810323060589
phylop_phylop100_vert,0.02809093944365902,0.01701618210840969,0.049574532074637793,0.013000671728671162,0.03277237186291745
chasmplus_blca_pval,0.027653634081128305,0.03593696317534456,0.04662719887093778,0.0166648609618568,0.011385513316374092
sift_score,0.02763686844627761,0.023801407392229815,0.05354158247121834,0.014539362842669823,0.018665121078992472
varity_r_varity_r,0.027635234826069686,0.03873494281922275,0.03164294538054459,0.026289487058171815,0.013873564046339585
gerp_gerp_nr,0.026696219876798065,0.02550876006649697,0.02586367471640281,0.03188680064830262,0.023525644075989862
siphy_logodds,0.02608395532724663,0.020944551511019066,0.036578327387691505,0.029284642364802917,0.017528300045473035
bayesdel_bayesdel_noaf_rankscore,0.025971956986568442,0.022372890901290708,0.009696318289071911,0.021511137160700154,0.050307481595211
metasvm_score,0.025833307089003943,0.03442964716928551,0.029133081185024612,0.015082297897921565,0.024688202103784085
sift_rankscore,0.02553466366046777,0.012482506711996817,0.03848270508605504,0.01657498649633548,0.03459845634748373
fathmm_mkl_fathmm_mkl_coding_score,0.025463454323611998,0.016709898814024418,0.028675875871127948,0.03550816284628494,0.02095987976301068
chasmplus_skcm_pval,0.024897662892044373,0.04820516935019645,0.014850131805816057,0.023047129536480544,0.013488220875684454
allofus250k_gvs_sas_ac,0.02462100888810499,0.08544909847392179,0.013034937078498168,0.0,0.0
chasmplus_uvm_pval,0.02455627912451745,0.045696879115002836,0.015087343459757785,0.022585029376196747,0.01485586454711242
chasmplus_cesc_pval,0.024450050343016012,0.03694966861874277,0.019428024129043736,0.03105165544042986,0.010370853183847693
allofus250k_gvs_all_an,0.024442017137353115,0.02285266432013401,0.05411329813444339,0.009983545287027808,0.010818560807807255
cscape_coding_score,0.02439741716061185,0.020164264497384017,0.03735306845806944,0.02350048833843332,0.016571847348560625
chasmplus_kirc_pval,0.02432105506223748,0.02194526296395158,0.02503017425882952,0.021477784592131965,0.02883099843403686
chasmplus_meso_pval,0.024041064996443297,0.0322884760734632,0.04285999664712142,0.014295251694982455,0.006720535570206125
chasmplus_skcm_score,0.023869924517635477,0.04544384124113927,0.010573742253983266,0.031623215839452254,0.007838898735967118
phdsnpg_fdr,0.02346789590943226,0.027141151713785908,0.01854372713978581,0.03236145372955157,0.015825251054605752
genocanyon_rankscore,0.023214957573760527,0.01540419189891373,0.01511215683102445,0.016993068001462167,0.04535041356364176
chasmplus_gbm_pval,0.023108430017573112,0.034918562000842174,0.021648166139365238,0.019228434145404934,0.01663855778468011
provean_rankscore,0.022978107094949553,0.009550751529565742,0.03658610255600589,0.02622223725653082,0.019553337037695774
chasmplus_lihc_pval,0.02287756185800592,0.026153060963687923,0.01070126942766953,0.03459049936938624,0.020065417671279995
phylop_phylop470_mamm,0.022677413053541665,0.015277226783911082,0.032303632635864984,0.018853714311577438,0.02427507848281316
chasmplus_luad_pval,0.02228833567519562,0.03451775722633393,0.0193542291486878,0.019313123414397934,0.01596823291136282
chasmplus_ucec_pval,0.022051038332473554,0.02435071687302734,0.03536354346865804,0.0182417108805276,0.010248182107681235
phylop_phylop17_primate,0.021743042374465272,0.017164834338067043,0.024051404584862605,0.02557720048519789,0.020178730089733542
cadd_phred,0.021673328429431,0.01309593445870387,0.025752666298914338,0.04104393484851204,0.006800778111593755
chasmplus_prad_pval,0.021013618733344574,0.030448850543021336,0.0191918274924165,0.01783782513968917,0.016575971758251273
allofus250k_gvs_eur_ac,0.02087125313042326,0.012448202167007691,0.020780793273566776,0.043617441459241714,0.006638575621876843
chasmplus_cesc_score,0.020839112895253677,0.03478534589172404,0.016015143246463116,0.02270157017895553,0.009854392263872032
chasmplus_uvm_score,0.020181596867595554,0.05522208426180726,0.008345581880373633,0.010333641610639323,0.00682507971756199
lrt_lrt_converted_rankscore,0.019851764745935852,0.012785135811128246,0.044347573874914226,0.01248462035536433,0.009789728942336613
chasmplus_paad_pval,0.01964950876547443,0.009333185526454521,0.020795703128392438,0.03439946736488461,0.01406967904216615
chasmplus_coad_score,0.019506151718714296,0.018692078847620745,0.042776268324235804,0.009736729906146279,0.006819529796854345
allofus250k_gvs_eas_af,0.019222575440670603,0.01645502391031749,0.008922890104092673,0.04860725731027911,0.002905130437993145
allofus250k_gvs_eur_an,0.019144912121992205,0.01707235395453507,0.036130667764166,0.01834188278576575,0.005034743983501994
chasmplus_esca_pval,0.018441905320213534,0.02038999378798638,0.03149152271258942,0.012331352851585662,0.009554751928692677
chasmplus_dlbc_pval,0.018142844267081376,0.02801156425605201,0.008297131128678184,0.017532284463155308,0.018730397220439995
chasmplus_kirp_score,0.018130094155487556,0.025619842409747864,0.021337609075801022,0.01819554784628104,0.007367377290120298
chasmplus_luad_score,0.0177936570368902,0.038240054512671304,0.0071180622644371975,0.012003886621820913,0.013812624748631389
chasmplus_lgg_pval,0.017442154367739295,0.016264150253142064,0.009696178040218112,0.032174254261585475,0.011634034916011534
chasmplus_hnsc_pval,0.017380347357466255,0.026409791497925876,0.012554755889347345,0.016899595235716148,0.013657246806875648
chasmplus_sarc_pval,0.01723415173785896,0.018521813301563786,0.02239361058456286,0.018661186576661527,0.009359996488647672
chasmplus_ucec_score,0.016949334939972926,0.015575981049488988,0.03329881484304899,0.010809792637081478,0.00811275123027226
chasmplus_acc_pval,0.016869371602844387,0.011696079865015594,0.03266745172509297,0.012094803374958434,0.011019151446310542
allofus250k_gvs_afr_an,0.01682949417373359,0.028788615758532234,0.02739429380621383,0.007889207661120064,0.0032458594690682532
cadd_exome_score,0.016760857120861845,0.007667870872693977,0.03481394134218562,0.013056126765353787,0.011505489503213987
chasmplus_lusc_score,0.016628665375247206,0.030738409771664046,0.017965613891945738,0.011314148124140869,0.006496489713238174
chasmplus_ov_score,0.016550408147708248,0.040279372372851716,0.012386790476184658,0.005704679230207439,0.007830790511589176
chasmplus_tgct_score,0.01628820074129082,0.029096394674921932,0.012414339454977951,0.01996565337337903,0.0036764154618843664
phylop_phylop470_mamm_r,0.016251150802888553,0.013046838035695302,0.025085908988271562,0.018340372385772512,0.008531483801814833
allofus250k_gvs_amr_an,0.016239093740818406,0.03328788196096912,0.02399731150049431,0.004787781667815581,0.0028833998339946095
gnomad3_af_lat,0.016083847898180875,0.01736822328297079,0.029837957737074757,0.013685940229593836,0.003443270343084116
chasmplus_brca_pval,0.015893893712345675,0.023308687912068346,0.011542263342094088,0.01609768396440071,0.012626939630819555
lrt_lrt_omega,0.01581677855069571,0.014693771669573684,0.016944700070053633,0.018704601179799586,0.012924041283355944
chasmplus_stad_score,0.015440966213516977,0.01812486414516875,0.01687819340441296,0.01684275940153789,0.009918047902948306
chasmplus_thym_pval,0.0153652722470231,0.01994831935589061,0.008025009361147112,0.021260471835508662,0.01222728843554601
phastcons_phastcons100_vert,0.014928891092780852,0.007737928851978391,0.026356108261025586,0.016310703613917687,0.009310823644201742
chasmplus_laml_score,0.014904405195065753,0.01799356775567593,0.029807312872004527,0.006289937028885432,0.005526803123697127
phastcons_phastcons470_mamm,0.014494920457991431,0.009055132204885259,0.006399567247554158,0.03149565109778419,0.011029331281742123
chasmplus_kirc_score,0.01444173827442772,0.016311353423603975,0.009383703556075765,0.015960262536888863,0.016111633581142273
allofus250k_gvs_oth_af,0.014246027246892203,0.006174669228879802,0.007206158352388304,0.04138464349905755,0.002218637907243151
chasmplus_prad_score,0.014195536002857615,0.028683054469875242,0.01291904580109763,0.008365639111852582,0.006814404628605006
allofus250k_gvs_all_af,0.01369039470264876,0.014542807481281497,0.02016065433003621,0.001905965608783984,0.018152151390493348
chasmplus_lihc_score,0.013670657610872546,0.021803814057049353,0.007067913548722723,0.01628335491231398,0.009527547925404126
chasmplus_brca_score,0.013520836236501266,0.0318079776802615,0.00871015115864259,0.008161640536098953,0.005403575571002017
chasmplus_gbm_score,0.01351266850083305,0.014797922181250332,0.012744898494985654,0.013981969375133059,0.012525883951963152
mutpred1_mutpred_rankscore,0.01351232529704893,0.023785705141709728,0.0032054108459748623,0.009601903705004812,0.017456281495506317
gnomad3_af_oth,0.013456933704107303,0.03299914247941783,0.018776370611212668,0.0012944026237277418,0.0007578191020709707
fathmm_xf_coding_fathmm_xf_coding_rankscore,0.013318778457572067,0.020296084851560252,0.014315908692813004,0.008203440066064882,0.010459680219850127
funseq2_score,0.012834971818268212,0.014076292830893266,0.01915553268105964,0.011226210237419727,0.006881851523700222
chasmplus_dlbc_score,0.012642455861062512,0.019446007994484985,0.005657518723839288,0.011975217257820277,0.013491079468105493
chasmplus_chol_pval,0.012611404699445982,0.025944312942971184,0.008639404501622067,0.010256582820061417,0.00560531853312926
chasmplus_pcpg_pval,0.012345768956618448,0.009891109281014863,0.009171398678469795,0.01690382164286441,0.013416746224124722
allofus250k_gvs_amr_af,0.012290267766008826,0.03100126781071372,0.010419834960870393,0.005114810504928246,0.0026251577875229365
chasmplus_read_pval,0.012007415779490075,0.017269018246403735,0.013589338129749084,0.012403006223943502,0.004768300517863975
alfa_latin_american_latin2_alt,0.011786396965370068,0.04474670727524284,0.0023988805862374357,0.0,0.0
chasmplus_blca_score,0.011716299727734391,0.012681463050372892,0.01664262513822942,0.010770773813071077,0.006770336909264173
chasmplus_kich_score,0.01170335352155723,0.004938516215209791,0.033159841680017337,0.00456525111209915,0.004149805078902641
chasmplus_meso_score,0.011465347776589993,0.0160454098747534,0.019135640031476393,0.006302924583009057,0.004377416617121118
phylop_phylop100_vert_r,0.011362622420312416,0.014289837185931055,0.010408517143348677,0.006279978665742761,0.014472156686227169
siphy_logodds_rank,0.01105593584058524,0.009590151818203116,0.018300481561686018,0.009697595153618578,0.006635514828833244
eve_rank_score,0.010819271042307042,0.007517947209488795,0.014463935360851051,0.011629938720352978,0.009665262878535344
metalr_rankscore,0.010268347068726697,0.009450750134794439,0.012162630519722984,0.00934286051207656,0.010117147108312807
chasmplus_lgg_score,0.010091480341319967,0.012293391491569872,0.004768397008030976,0.016524995074121623,0.006779137791557399
chasmplus_paad_score,0.009987006578493808,0.005951577501162769,0.019754303258691455,0.0069062853869228304,0.007335860167198176
chasmplus_esca_score,0.009943241694309952,0.010368214717358076,0.010262458344188262,0.008067166481665902,0.011075127234027569
chasmplus_sarc_score,0.009936927706514678,0.010665846888941458,0.009815890737087241,0.010303382628355694,0.008962590571674315
chasmplus_acc_score,0.009873314009186368,0.005590726103195139,0.02197283935144737,0.008385285980438754,0.0035444046016642073
chasmplus_ucs_pval,0.009793389731613719,0.012252364143825795,0.012225909434369311,0.0067951979933300365,0.00790008735492973
chasmplus_thca_pval,0.009232718617309635,0.008779312121174844,0.004955840165460943,0.012906488321897655,0.010289233860705103
mutation_assessor_rankscore,0.00897857466753317,0.010151792383116148,0.016338442583377612,0.004758922597032854,0.004665141106606066
phastcons_phastcons17way_primate_r,0.008961071250590313,0.009315788196762086,0.008407467613999136,0.012076840253454242,0.006044188938145788
chasmplus_hnsc_score,0.008676122295208092,0.01026176849356261,0.007644228304425192,0.009959853776305615,0.00683863860653895
chasmplus_kich_pval,0.008521367212505238,0.008638803560757944,0.00983196343984852,0.008727021809013497,0.00688768004040099
phylop_phylop17_primate_r,0.008411376387507954,0.013618153647517102,0.013127999508285061,0.002584478387546453,0.004314874006683198
chasmplus_thca_score,0.008318601828833715,0.015721135715015783,0.003922419097249229,0.00801723456900503,0.005613617934064816
chasmplus_read_score,0.008282094185882079,0.011480071848123115,0.008188514217030918,0.00564698283437154,0.007812807844002744
chasmplus_ucs_score,0.008238655513074528,0.010602414942695013,0.008678725438677669,0.0068018562069185225,0.006871625464006912
cadd_exome_phred,0.007979297090300277,0.006057064129388187,0.01463938840727731,0.003916444115767269,0.007304291708768345
chasmplus_thym_score,0.0077201309307615516,0.011339508337046488,0.004934993948516141,0.00839939496861233,0.006206626468871249
allofus250k_gvs_mid_af,0.007114945371788156,0.02185588531828789,0.0066038961688647336,0.0,0.0
chasmplus_chol_score,0.006961160921052098,0.015979928354303615,0.0028321261162352726,0.006127140251486983,0.0029054489621825217
chasmplus_pcpg_score,0.006466143105269448,0.006551679669302157,0.007158116868662884,0.005136570908103775,0.007018204975008976
alfa_latin_american_latin1_alt,0.006439070021400449,0.012096848670121058,0.013659431415480738,0.0,0.0
allofus250k_gvs_oth_an,0.006422448437791888,0.007618677851394932,0.006478207622162483,0.00912365630895263,0.002469251968657505
allofus250k_gvs_eas_an,0.005863180533008041,0.008769130420749604,0.006606576365318887,0.006116868749336649,0.0019601465966270263
fathmm_mkl_fathmm_mkl_coding_rankscore,0.005790359404309873,0.004182203214368277,0.005035736928665388,0.009190170761090466,0.0047533267131153615
gerp_gerp_rs_rank,0.005203091960061853,0.004065313887080519,0.004273344835777361,0.009002576935489013,0.0034711321819005173
fitcons_fitcons_coding_rankscore,0.005072945472777447,0.005966516629551522,0.0028005699583541384,0.004338189365394914,0.007186505937809214
alfa_latin_american_latin2_freq,0.004155365885139933,0.014476245897484386,0.0021452176430753474,0.0,0.0
allofus250k_gvs_mid_ac,0.0031300705163334677,0.008218016841297237,0.004302265224036635,0.0,0.0
allofus250k_gvs_sas_an,0.0026073735973230184,0.004183069273153747,0.004484882070137981,0.001295030948322705,0.0004665120976776401
cscape_coding_rankscore,0.0026031878044686435,0.0018097685971521463,0.0030656358464578215,0.0036227573517626237,0.0019145894225019834
allofus250k_gvs_sas_af,0.0025471447929698034,0.006646291503130579,0.0021699259571565806,0.001372361711592053,0.0
phastcons_phastcons470_mamm_r,0.0025403577177721607,0.0012405883922552005,0.0007436637073670206,0.0051900087782878685,0.002987169993178553
phastcons_phastcons100_vert_r,0.0023063391211768976,0.0011111238813514349,0.0026770239353848275,0.002842723535342435,0.002594485132628893
alfa_latin_american_latin1_freq,0.0020463539978047163,0.006222187766313226,0.0019632282249056397,0.0,0.0
allofus250k_gvs_mid_an,0.0015030797170350967,0.0031186642483956276,0.0005382844887869745,0.0011051364457090632,0.001250233685248721
fitcons_fitcons_coding_pred,0.0003105707815580516,0.00010304690153484736,0.00028957979531093493,0.00024136474153052976,0.0006082916878558944
