combo,fold,max_depth,min_samples_leaf,ccp_alpha,cv_acc,cv_macro_f1,fit_seconds
0,1,None,1,0.0,0.7188571428571429,0.7189947353459436,2.4590210914611816
0,2,None,1,0.0,0.7185714285714285,0.7184906352447219,2.844355821609497
0,3,None,1,0.0,0.7147756501857674,0.7152771772706248,2.8482751846313477
0,4,None,1,0.0,0.7182052014861389,0.7183178460304409,2.8390610218048096
0,5,None,1,0.0,0.7282080594455559,0.7286255172005147,3.3189361095428467
1,1,None,1,0.001,0.7588571428571429,0.7600857224058843,2.64467716217041
1,2,None,1,0.001,0.744,0.7357219682434248,2.875638961791992
1,3,None,1,0.001,0.7510717347813661,0.7514180684971082,2.950971841812134
1,4,None,1,0.001,0.7387825092883681,0.7382410470454777,2.997253894805908
1,5,None,1,0.001,0.7450700200057159,0.7451984145685541,2.685910940170288
2,1,None,1,0.005,0.7385714285714285,0.7339989273946173,2.558687925338745
2,2,None,1,0.005,0.7311428571428571,0.7228577021808882,2.999058961868286
2,3,None,1,0.005,0.727350671620463,0.7236624041931564,2.9699809551239014
2,4,None,1,0.005,0.7216347527865105,0.7160762790800965,2.8771169185638428
2,5,None,1,0.005,0.7362103458130894,0.733203531590051,2.6271679401397705
3,1,None,5,0.0,0.7274285714285714,0.7277315327016864,2.214989185333252
3,2,None,5,0.0,0.7345714285714285,0.7349067486927892,2.4177439212799072
3,3,None,5,0.0,0.7279222635038582,0.7289566102068946,2.250560998916626
3,4,None,5,0.0,0.7216347527865105,0.7214708088015347,2.1220388412475586
3,5,None,5,0.0,0.7270648756787653,0.7275924056161376,2.201627731323242
4,1,None,5,0.001,0.7588571428571429,0.7600857224058843,2.3638501167297363
4,2,None,5,0.001,0.744,0.7357219682434248,2.499596118927002
4,3,None,5,0.001,0.7510717347813661,0.7514180684971082,2.2810301780700684
4,4,None,5,0.001,0.7387825092883681,0.7382410470454777,2.1968040466308594
4,5,None,5,0.001,0.7450700200057159,0.7451984145685541,2.183710813522339
5,1,None,5,0.005,0.7385714285714285,0.7339989273946173,2.1303281784057617
5,2,None,5,0.005,0.7311428571428571,0.7228577021808882,2.3850889205932617
5,3,None,5,0.005,0.727350671620463,0.7236624041931564,2.35680890083313
5,4,None,5,0.005,0.7216347527865105,0.7160762790800965,2.1698110103607178
5,5,None,5,0.005,0.7362103458130894,0.733203531590051,2.244983673095703
6,1,None,10,0.0,0.7442857142857143,0.7444635105267476,1.9556968212127686
6,2,None,10,0.0,0.7402857142857143,0.7406838903331663,2.0321478843688965
6,3,None,10,0.0,0.7364961417547871,0.7376790687497319,2.1681830883026123
6,4,None,10,0.0,0.727350671620463,0.7277143260451482,2.0561299324035645
6,5,None,10,0.0,0.7284938553872535,0.7291618564446787,1.9334347248077393
7,1,None,10,0.001,0.7588571428571429,0.7600857224058843,1.910416841506958
7,2,None,10,0.001,0.744,0.7357219682434248,2.0187530517578125
7,3,None,10,0.001,0.7510717347813661,0.7514180684971082,2.093993902206421
7,4,None,10,0.001,0.7387825092883681,0.7382410470454777,1.914189100265503
7,5,None,10,0.001,0.7450700200057159,0.7451984145685541,1.8941209316253662
8,1,None,10,0.005,0.7385714285714285,0.7339989273946173,1.8244540691375732
8,2,None,10,0.005,0.7311428571428571,0.7228577021808882,2.262385845184326
8,3,None,10,0.005,0.727350671620463,0.7236624041931564,2.1945102214813232
8,4,None,10,0.005,0.7216347527865105,0.7160762790800965,1.9892072677612305
8,5,None,10,0.005,0.7362103458130894,0.733203531590051,1.9150290489196777
9,1,None,20,0.0,0.7454285714285714,0.745865655628517,1.757493019104004
9,2,None,20,0.0,0.7417142857142857,0.7422756549478968,1.939546823501587
9,3,None,20,0.0,0.7422120605887397,0.7431973145222113,1.8163788318634033
9,4,None,20,0.0,0.731923406687625,0.7323299542102915,1.7257640361785889
9,5,None,20,0.0,0.7484995713060875,0.7496014749197881,1.7080538272857666
10,1,None,20,0.001,0.7588571428571429,0.7600857224058843,1.6820189952850342
10,2,None,20,0.001,0.7434285714285714,0.7351541887813753,1.7929489612579346
10,3,None,20,0.001,0.7507859388396685,0.7513281596716403,1.7095890045166016
10,4,None,20,0.001,0.7382109174049728,0.7376823321669188,1.6542367935180664
10,5,None,20,0.001,0.7444984281223207,0.7446400822269298,1.7111353874206543
11,1,None,20,0.005,0.7385714285714285,0.7339989273946173,1.692878007888794
11,2,None,20,0.005,0.7311428571428571,0.7228577021808882,1.8268280029296875
11,3,None,20,0.005,0.727350671620463,0.7236624041931564,1.7170093059539795
11,4,None,20,0.005,0.7216347527865105,0.7160762790800965,1.689640998840332
11,5,None,20,0.005,0.7362103458130894,0.733203531590051,1.6941730976104736
12,1,10,1,0.0,0.7534285714285714,0.7513800283885361,1.3101160526275635
12,2,10,1,0.0,0.7411428571428571,0.7393069761506457,1.3262910842895508
12,3,10,1,0.0,0.7470705915975994,0.7466844454353647,1.3161640167236328
12,4,10,1,0.0,0.7370677336381823,0.7361444582566605,1.325545072555542
12,5,10,1,0.0,0.7482137753643898,0.7466758557084371,1.4437789916992188
13,1,10,1,0.001,0.7588571428571429,0.7600857224058843,1.4484128952026367
13,2,10,1,0.001,0.744,0.7357219682434248,1.403649091720581
13,3,10,1,0.001,0.7510717347813661,0.7514180684971082,1.3197839260101318
13,4,10,1,0.001,0.7387825092883681,0.7382410470454777,1.3152508735656738
13,5,10,1,0.001,0.7450700200057159,0.7451984145685541,1.3086509704589844
14,1,10,1,0.005,0.7385714285714285,0.7339989273946173,1.3082301616668701
14,2,10,1,0.005,0.7311428571428571,0.7228577021808882,1.3137929439544678
14,3,10,1,0.005,0.727350671620463,0.7236624041931564,1.3109512329101562
14,4,10,1,0.005,0.7216347527865105,0.7160762790800965,1.3248302936553955
14,5,10,1,0.005,0.7362103458130894,0.733203531590051,1.3123359680175781
15,1,10,5,0.0,0.7568571428571429,0.7549286487479391,1.2952539920806885
15,2,10,5,0.0,0.7377142857142858,0.7360254927337196,1.2929248809814453
15,3,10,5,0.0,0.7467847956559017,0.7461772258536825,1.2951509952545166
15,4,10,5,0.0,0.7353529579879966,0.734459496606461,1.2950971126556396
15,5,10,5,0.0,0.7447842240640183,0.7418453047325299,1.305328130722046
16,1,10,5,0.001,0.7588571428571429,0.7600857224058843,1.3001961708068848
16,2,10,5,0.001,0.744,0.7357219682434248,1.3864970207214355
16,3,10,5,0.001,0.7510717347813661,0.7514180684971082,1.3767518997192383
16,4,10,5,0.001,0.7387825092883681,0.7382410470454777,1.3282921314239502
16,5,10,5,0.001,0.7450700200057159,0.7451984145685541,1.3026118278503418
17,1,10,5,0.005,0.7385714285714285,0.7339989273946173,1.3239243030548096
17,2,10,5,0.005,0.7311428571428571,0.7228577021808882,1.3082869052886963
17,3,10,5,0.005,0.727350671620463,0.7236624041931564,1.296030044555664
17,4,10,5,0.005,0.7216347527865105,0.7160762790800965,1.2965590953826904
17,5,10,5,0.005,0.7362103458130894,0.733203531590051,1.2939121723175049
18,1,10,10,0.0,0.7525714285714286,0.75068756637913,1.2932698726654053
18,2,10,10,0.0,0.7468571428571429,0.742870207663847,1.277466058731079
18,3,10,10,0.0,0.7482137753643898,0.747859634190243,1.2821030616760254
18,4,10,10,0.0,0.7299228350957416,0.7291257973854927,1.3296749591827393
18,5,10,10,0.0,0.7413546727636467,0.73686376568784,1.4971718788146973
19,1,10,10,0.001,0.7588571428571429,0.7600857224058843,1.384505271911621
19,2,10,10,0.001,0.744,0.7357219682434248,1.3905510902404785
19,3,10,10,0.001,0.7510717347813661,0.7514180684971082,1.2859959602355957
19,4,10,10,0.001,0.7387825092883681,0.7382410470454777,1.2705979347229004
19,5,10,10,0.001,0.7450700200057159,0.7451984145685541,1.3058960437774658
20,1,10,10,0.005,0.7385714285714285,0.7339989273946173,1.2914490699768066
20,2,10,10,0.005,0.7311428571428571,0.7228577021808882,1.4252161979675293
20,3,10,10,0.005,0.727350671620463,0.7236624041931564,1.2990200519561768
20,4,10,10,0.005,0.7216347527865105,0.7160762790800965,1.2628309726715088
20,5,10,10,0.005,0.7362103458130894,0.733203531590051,1.2814381122589111
21,1,10,20,0.0,0.7451428571428571,0.7447540094226603,1.3405182361602783
21,2,10,20,0.0,0.7462857142857143,0.7417619736244452,1.368110179901123
21,3,10,20,0.0,0.7567876536153186,0.7566112446017781,1.2773981094360352
21,4,10,20,0.0,0.7370677336381823,0.7368515829228,1.2534818649291992
21,5,10,20,0.0,0.7416404687053444,0.73909528229851,1.3381729125976562
22,1,10,20,0.001,0.7588571428571429,0.7600857224058843,1.5045011043548584
22,2,10,20,0.001,0.7434285714285714,0.7351541887813753,1.4124128818511963
22,3,10,20,0.001,0.7507859388396685,0.7513281596716403,1.3912608623504639
22,4,10,20,0.001,0.7382109174049728,0.7376823321669188,1.2996978759765625
22,5,10,20,0.001,0.7444984281223207,0.7446400822269298,1.2891581058502197
23,1,10,20,0.005,0.7385714285714285,0.7339989273946173,1.2407488822937012
23,2,10,20,0.005,0.7311428571428571,0.7228577021808882,1.3142619132995605
23,3,10,20,0.005,0.727350671620463,0.7236624041931564,1.2700088024139404
23,4,10,20,0.005,0.7216347527865105,0.7160762790800965,1.2333180904388428
23,5,10,20,0.005,0.7362103458130894,0.733203531590051,1.3531687259674072
24,1,20,1,0.0,0.732,0.732240456335676,2.1715891361236572
24,2,20,1,0.0,0.7251428571428571,0.7252742968876631,2.158843994140625
24,3,20,1,0.0,0.7224921406116033,0.7225893478428839,2.2530879974365234
24,4,20,1,0.0,0.7307802229208346,0.7308710069915912,2.302583932876587
24,5,20,1,0.0,0.7327807945127179,0.7334743632066479,2.14808988571167
25,1,20,1,0.001,0.7588571428571429,0.7600857224058843,2.130376100540161
25,2,20,1,0.001,0.744,0.7357219682434248,2.161407947540283
25,3,20,1,0.001,0.7510717347813661,0.7514180684971082,2.2619211673736572
25,4,20,1,0.001,0.7387825092883681,0.7382410470454777,2.2573750019073486
25,5,20,1,0.001,0.7450700200057159,0.7451984145685541,2.1472368240356445
26,1,20,1,0.005,0.7385714285714285,0.7339989273946173,2.1026499271392822
26,2,20,1,0.005,0.7311428571428571,0.7228577021808882,2.172895908355713
26,3,20,1,0.005,0.727350671620463,0.7236624041931564,2.25339412689209
26,4,20,1,0.005,0.7216347527865105,0.7160762790800965,2.1973390579223633
26,5,20,1,0.005,0.7362103458130894,0.733203531590051,2.117227077484131
27,1,20,5,0.0,0.7214285714285714,0.7217296660075424,1.9296338558197021
27,2,20,5,0.0,0.7331428571428571,0.7333721460307512,2.061614751815796
27,3,20,5,0.0,0.7359245498713918,0.7368364353326287,2.0584633350372314
27,4,20,5,0.0,0.7230637324949986,0.7232271550229405,1.9462640285491943
27,5,20,5,0.0,0.7313518148042297,0.7323766267836488,1.9888949394226074
28,1,20,5,0.001,0.7588571428571429,0.7600857224058843,1.913264274597168
28,2,20,5,0.001,0.744,0.7357219682434248,1.9990050792694092
28,3,20,5,0.001,0.7510717347813661,0.7514180684971082,2.0618438720703125
28,4,20,5,0.001,0.7387825092883681,0.7382410470454777,1.9490389823913574
28,5,20,5,0.001,0.7450700200057159,0.7451984145685541,1.9735820293426514
29,1,20,5,0.005,0.7385714285714285,0.7339989273946173,1.9403748512268066
29,2,20,5,0.005,0.7311428571428571,0.7228577021808882,2.014673948287964
29,3,20,5,0.005,0.727350671620463,0.7236624041931564,2.1265969276428223
29,4,20,5,0.005,0.7216347527865105,0.7160762790800965,1.9525697231292725
29,5,20,5,0.005,0.7362103458130894,0.733203531590051,1.9742279052734375
30,1,20,10,0.0,0.738,0.7381944747638975,1.7811229228973389
30,2,20,10,0.0,0.7385714285714285,0.738803987433649,2.0276939868927
30,3,20,10,0.0,0.734209774221206,0.7353425658114854,1.9031169414520264
30,4,20,10,0.0,0.731923406687625,0.7324774851925767,1.8029241561889648
30,5,20,10,0.0,0.7262074878536725,0.727082004178914,1.8220531940460205
31,1,20,10,0.001,0.7588571428571429,0.7600857224058843,1.7863543033599854
31,2,20,10,0.001,0.744,0.7357219682434248,1.9186680316925049
31,3,20,10,0.001,0.7510717347813661,0.7514180684971082,2.208235025405884
31,4,20,10,0.001,0.7387825092883681,0.7382410470454777,2.0887978076934814
31,5,20,10,0.001,0.7450700200057159,0.7451984145685541,1.96219801902771
32,1,20,10,0.005,0.7385714285714285,0.7339989273946173,1.85294508934021
32,2,20,10,0.005,0.7311428571428571,0.7228577021808882,1.922569990158081
32,3,20,10,0.005,0.727350671620463,0.7236624041931564,1.9164049625396729
32,4,20,10,0.005,0.7216347527865105,0.7160762790800965,1.9068858623504639
32,5,20,10,0.005,0.7362103458130894,0.733203531590051,1.9015998840332031
33,1,20,20,0.0,0.748,0.7484381910526305,1.7152187824249268
33,2,20,20,0.0,0.7448571428571429,0.7452874182232042,1.779219388961792
33,3,20,20,0.0,0.7433552443555301,0.7443407039473875,1.6968228816986084
33,4,20,20,0.0,0.7339239782795084,0.7343150220162369,1.6445989608764648
33,5,20,20,0.0,0.7467847956559017,0.7478896294532376,1.6850500106811523
34,1,20,20,0.001,0.7588571428571429,0.7600857224058843,1.6515579223632812
34,2,20,20,0.001,0.7434285714285714,0.7351541887813753,1.753849983215332
34,3,20,20,0.001,0.7507859388396685,0.7513281596716403,1.6991407871246338
34,4,20,20,0.001,0.7382109174049728,0.7376823321669188,1.6480040550231934
34,5,20,20,0.001,0.7444984281223207,0.7446400822269298,1.6826961040496826
35,1,20,20,0.005,0.7385714285714285,0.7339989273946173,1.6556940078735352
35,2,20,20,0.005,0.7311428571428571,0.7228577021808882,1.7599408626556396
35,3,20,20,0.005,0.727350671620463,0.7236624041931564,1.7300779819488525
35,4,20,20,0.005,0.7216347527865105,0.7160762790800965,1.64499831199646
35,5,20,20,0.005,0.7362103458130894,0.733203531590051,1.7325959205627441
36,1,30,1,0.0,0.7242857142857143,0.72433016500194,2.3716659545898438
36,2,30,1,0.0,0.7217142857142858,0.7221292086036128,2.5195159912109375
36,3,30,1,0.0,0.7199199771363247,0.7205148537543267,2.670893669128418
36,4,30,1,0.0,0.7147756501857674,0.7144292361450422,2.6557209491729736
36,5,30,1,0.0,0.7299228350957416,0.7302495806306867,2.4868218898773193
37,1,30,1,0.001,0.7588571428571429,0.7600857224058843,2.465628147125244
37,2,30,1,0.001,0.744,0.7357219682434248,2.5253050327301025
37,3,30,1,0.001,0.7510717347813661,0.7514180684971082,2.6724607944488525
37,4,30,1,0.001,0.7387825092883681,0.7382410470454777,2.6303582191467285
37,5,30,1,0.001,0.7450700200057159,0.7451984145685541,2.4686930179595947
38,1,30,1,0.005,0.7385714285714285,0.7339989273946173,2.3827450275421143
38,2,30,1,0.005,0.7311428571428571,0.7228577021808882,2.6442620754241943
38,3,30,1,0.005,0.727350671620463,0.7236624041931564,2.72245717048645
38,4,30,1,0.005,0.7216347527865105,0.7160762790800965,2.7644007205963135
38,5,30,1,0.005,0.7362103458130894,0.733203531590051,2.5800540447235107
39,1,30,5,0.0,0.7265714285714285,0.7268441397523513,2.134284019470215
39,2,30,5,0.0,0.7348571428571429,0.7352015096790128,2.357424020767212
39,3,30,5,0.0,0.7244927122034867,0.7254549524075934,2.39884614944458
39,4,30,5,0.0,0.7227779365533009,0.7227034243491731,2.445120096206665
39,5,30,5,0.0,0.7270648756787653,0.7275924056161376,2.281973123550415
40,1,30,5,0.001,0.7588571428571429,0.7600857224058843,2.80774188041687
40,2,30,5,0.001,0.744,0.7357219682434248,2.3748481273651123
40,3,30,5,0.001,0.7510717347813661,0.7514180684971082,2.292945146560669
40,4,30,5,0.001,0.7387825092883681,0.7382410470454777,2.154966115951538
40,5,30,5,0.001,0.7450700200057159,0.7451984145685541,2.2930917739868164
41,1,30,5,0.005,0.7385714285714285,0.7339989273946173,2.0870449542999268
41,2,30,5,0.005,0.7311428571428571,0.7228577021808882,2.313361883163452
41,3,30,5,0.005,0.727350671620463,0.7236624041931564,2.2697269916534424
41,4,30,5,0.005,0.7216347527865105,0.7160762790800965,2.2148797512054443
41,5,30,5,0.005,0.7362103458130894,0.733203531590051,2.3671140670776367
42,1,30,10,0.0,0.7442857142857143,0.7444635105267476,1.869549036026001
42,2,30,10,0.0,0.7402857142857143,0.7406838903331663,2.1134021282196045
42,3,30,10,0.0,0.7359245498713918,0.73710547556641,2.096531867980957
42,4,30,10,0.0,0.727350671620463,0.7277143260451482,1.9254467487335205
42,5,30,10,0.0,0.7284938553872535,0.7291618564446787,1.8978309631347656
43,1,30,10,0.001,0.7588571428571429,0.7600857224058843,1.8501639366149902
43,2,30,10,0.001,0.744,0.7357219682434248,2.0259828567504883
43,3,30,10,0.001,0.7510717347813661,0.7514180684971082,2.092207193374634
43,4,30,10,0.001,0.7387825092883681,0.7382410470454777,1.92169189453125
43,5,30,10,0.001,0.7450700200057159,0.7451984145685541,1.9245669841766357
44,1,30,10,0.005,0.7385714285714285,0.7339989273946173,1.8183298110961914
44,2,30,10,0.005,0.7311428571428571,0.7228577021808882,2.024451971054077
44,3,30,10,0.005,0.727350671620463,0.7236624041931564,2.0954418182373047
44,4,30,10,0.005,0.7216347527865105,0.7160762790800965,1.9252259731292725
44,5,30,10,0.005,0.7362103458130894,0.733203531590051,1.9219930171966553
45,1,30,20,0.0,0.7454285714285714,0.745865655628517,1.684014081954956
45,2,30,20,0.0,0.7417142857142857,0.7422756549478968,1.845452070236206
45,3,30,20,0.0,0.7422120605887397,0.7431973145222113,1.7281053066253662
45,4,30,20,0.0,0.731923406687625,0.7323299542102915,1.6633269786834717
45,5,30,20,0.0,0.7484995713060875,0.7496014749197881,1.6887328624725342
46,1,30,20,0.001,0.7588571428571429,0.7600857224058843,1.68229079246521
46,2,30,20,0.001,0.7434285714285714,0.7351541887813753,1.7999308109283447
46,3,30,20,0.001,0.7507859388396685,0.7513281596716403,1.7355809211730957
46,4,30,20,0.001,0.7382109174049728,0.7376823321669188,1.6622340679168701
46,5,30,20,0.001,0.7444984281223207,0.7446400822269298,1.7018790245056152
47,1,30,20,0.005,0.7385714285714285,0.7339989273946173,1.6778168678283691
47,2,30,20,0.005,0.7311428571428571,0.7228577021808882,1.8005759716033936
47,3,30,20,0.005,0.727350671620463,0.7236624041931564,1.7345190048217773
47,4,30,20,0.005,0.7216347527865105,0.7160762790800965,1.6558098793029785
47,5,30,20,0.005,0.7362103458130894,0.733203531590051,1.6989741325378418
